Order ID,Order Date,Customer ID,costumer_name,country,loyalty_card,Product ID,coffee_type,roast_type,price_per_unit,profit_per_unit,Quantity
QEV-37451-860,9/5/2019,17670-51384-MA,Aloisia Allner,United States,Yes,R-M-1,Rob,M,9.95,0.597,2
QEV-37451-860,9/5/2019,17670-51384-MA,Aloisia Allner,United States,Yes,E-M-0.5,Exc,M,8.25,0.9075,5
FAA-43335-268,6/17/2021,21125-22134-PX,Jami Redholes,United States,Yes,A-L-1,Ara,L,12.95,1.1655,1
KAC-83089-793,7/15/2021,23806-46781-OU,Christoffer O' Shea,Ireland,No,E-M-1,Exc,M,13.75,1.5125,2
KAC-83089-793,7/15/2021,23806-46781-OU,Christoffer O' Shea,Ireland,No,R-L-2.5,Rob,L,27.485,1.6491,2
CVP-18956-553,8/4/2021,86561-91660-RB,Beryle Cottier,United States,No,L-D-1,Lib,D,12.95,1.6835,3
IPP-31994-879,1/21/2022,65223-29612-CB,Shaylynn Lobe,United States,Yes,E-D-0.5,Exc,D,7.29,0.8019,3
SNZ-65340-705,5/20/2022,21134-81676-FR,Melvin Wharfe,Ireland,Yes,L-L-0.2,Lib,L,4.755,0.61815,1
EZT-46571-659,1/2/2019,03396-68805-ZC,Guthrey Petracci,United States,No,R-M-0.5,Rob,M,5.97,0.3582,3
NWQ-70061-912,9/5/2019,61021-27840-ZN,Rodger Raven,United States,No,R-M-0.5,Rob,M,5.97,0.3582,1
BKK-47233-845,3/8/2021,76239-90137-UQ,Ferrell Ferber,United States,No,A-D-1,Ara,D,9.95,0.8955,4
VQR-01002-970,10/28/2020,49315-21985-BB,Duky Phizackerly,United States,Yes,E-L-2.5,Exc,L,34.155,3.75705,5
SZW-48378-399,7/2/2022,34136-36674-OM,Rosaleen Scholar,United States,No,R-M-1,Rob,M,9.95,0.597,5
ITA-87418-783,5/22/2020,39396-12890-PE,Terence Vanyutin,United States,No,R-D-2.5,Rob,D,20.585,1.2351,2
GNZ-46006-527,4/5/2022,95875-73336-RG,Patrice Trobe,United States,Yes,L-D-0.2,Lib,D,3.885,0.50505,3
FYQ-78248-319,6/7/2022,25473-43727-BY,Llywellyn Oscroft,United States,No,R-M-2.5,Rob,M,22.885,1.3731,5
VAU-44387-624,3/20/2019,99643-51048-IQ,Minni Alabaster,United States,No,A-M-0.2,Ara,M,3.375,0.30375,6
RDW-33155-159,10/19/2019,62173-15287-CU,Rhianon Broxup,United States,No,A-L-1,Ara,L,12.95,1.1655,6
TDZ-59011-211,6/13/2019,57611-05522-ST,Pall Redford,Ireland,Yes,R-D-2.5,Rob,D,20.585,1.2351,4
IDU-25793-399,12/4/2020,76664-37050-DT,Aurea Corradino,United States,Yes,A-M-0.2,Ara,M,3.375,0.30375,5
IDU-25793-399,12/4/2020,76664-37050-DT,Aurea Corradino,United States,Yes,E-D-0.2,Exc,D,3.645,0.40095,4
NUO-20013-488,12/4/2020,03090-88267-BQ,Avrit Davidowsky,United States,No,A-D-0.2,Ara,D,2.985,0.26865,6
UQU-65630-479,1/22/2021,37651-47492-NC,Annabel Antuk,United States,Yes,R-M-2.5,Rob,M,22.885,1.3731,4
FEO-11834-332,2/11/2022,95399-57205-HI,Iorgo Kleinert,United States,Yes,A-D-0.2,Ara,D,2.985,0.26865,4
TKY-71558-096,9/15/2021,24010-66714-HW,Chrisy Blofeld,United States,No,A-M-1,Ara,M,11.25,1.0125,1
OXY-65322-253,10/24/2020,07591-92789-UA,Culley Farris,United States,Yes,E-M-0.2,Exc,M,4.125,0.45375,3
EVP-43500-491,2/20/2019,49231-44455-IC,Selene Shales,United States,Yes,A-M-0.5,Ara,M,6.75,0.6075,4
WAG-26945-689,10/8/2019,50124-88608-EO,Vivie Danneil,Ireland,No,A-M-0.2,Ara,M,3.375,0.30375,5
CHE-78995-767,8/2/2022,00888-74814-UZ,Theresita Newbury,Ireland,No,A-D-0.5,Ara,D,5.97,0.5373,3
RYZ-14633-602,2/20/2019,14158-30713-OB,Mozelle Calcutt,Ireland,Yes,A-D-1,Ara,D,9.95,0.8955,4
WOQ-36015-429,9/25/2021,51427-89175-QJ,Adrian Swaine,United States,No,L-M-0.2,Lib,M,4.365,0.56745,5
WOQ-36015-429,9/25/2021,51427-89175-QJ,Adrian Swaine,United States,No,A-D-0.5,Ara,D,5.97,0.5373,6
WOQ-36015-429,9/25/2021,51427-89175-QJ,Adrian Swaine,United States,No,L-M-0.5,Lib,M,8.73,1.1349,6
SCT-60553-454,7/17/2021,39123-12846-YJ,Gallard Gatheral,United States,No,L-L-0.2,Lib,L,4.755,0.61815,5
GFK-52063-244,6/29/2020,44981-99666-XB,Una Welberry,United Kingdom,Yes,L-L-0.5,Lib,L,9.51,1.2363,6
AMM-79521-378,6/1/2021,24825-51803-CQ,Faber Eilhart,United States,No,A-D-0.5,Ara,D,5.97,0.5373,6
QUQ-90580-772,2/6/2021,77634-13918-GJ,Zorina Ponting,United States,No,L-M-0.2,Lib,M,4.365,0.56745,2
LGD-24408-274,4/25/2019,13694-25001-LX,Silvio Strase,United States,No,L-L-0.5,Lib,L,9.51,1.2363,3
HCT-95608-959,4/25/2020,08523-01791-TI,Dorie de la Tremoille,United States,No,R-M-2.5,Rob,M,22.885,1.3731,5
OFX-99147-470,11/24/2021,49860-68865-AB,Hy Zanetto,United States,Yes,R-M-1,Rob,M,9.95,0.597,6
LUO-37559-016,4/19/2021,21240-83132-SP,Jessica McNess,United States,No,L-M-1,Lib,M,14.55,1.8915,3
XWC-20610-167,7/7/2022,08350-81623-TF,Lorenzo Yeoland,United States,Yes,E-D-0.2,Exc,D,3.645,0.40095,2
GPU-79113-136,5/22/2019,73284-01385-SJ,Abigail Tolworthy,United States,Yes,R-D-0.2,Rob,D,2.685,0.1611,3
ULR-52653-960,10/4/2021,04152-34436-IE,Maurie Bartol,United States,No,L-L-2.5,Lib,L,36.455,4.73915,2
HPI-42308-142,4/11/2020,06631-86965-XP,Olag Baudassi,United States,Yes,E-M-0.5,Exc,M,8.25,0.9075,2
XHI-30227-581,1/31/2022,54619-08558-ZU,Petey Kingsbury,United States,No,L-D-2.5,Lib,D,29.785,3.87205,6
DJH-05202-380,11/7/2019,85589-17020-CX,Donna Baskeyfied,United States,Yes,E-M-2.5,Exc,M,31.625,3.47875,2
VMW-26889-781,6/28/2019,36078-91009-WU,Arda Curley,United States,Yes,A-L-0.2,Ara,L,3.885,0.34965,2
DBU-81099-586,9/11/2020,15770-27099-GX,Raynor McGilvary,United States,No,A-D-2.5,Ara,D,22.885,2.05965,4
PQA-54820-810,8/17/2022,91460-04823-BX,Isis Pikett,United States,No,A-L-1,Ara,L,12.95,1.1655,3
XKB-41924-202,8/19/2022,45089-52817-WN,Inger Bouldon,United States,No,L-D-0.5,Lib,D,7.77,1.0101,2
DWZ-69106-473,5/15/2019,76447-50326-IC,Karry Flanders,Ireland,Yes,L-L-2.5,Lib,L,36.455,4.73915,4
YHV-68700-050,9/11/2019,26333-67911-OL,Hartley Mattioli,United Kingdom,No,R-M-0.5,Rob,M,5.97,0.3582,5
YHV-68700-050,9/11/2019,26333-67911-OL,Hartley Mattioli,United Kingdom,No,L-L-2.5,Lib,L,36.455,4.73915,2
KRB-88066-642,3/16/2021,22107-86640-SB,Archambault Gillard,United States,No,L-M-1,Lib,M,14.55,1.8915,5
LQU-08404-173,12/3/2020,09960-34242-LZ,Salomo Cushworth,United States,No,L-L-1,Lib,L,15.85,2.0605,3
CWK-60159-881,1/27/2020,04671-85591-RT,Theda Grizard,United States,Yes,E-D-0.2,Exc,D,3.645,0.40095,3
EEG-74197-843,7/17/2022,25729-68859-UA,Rozele Relton,United States,No,E-L-1,Exc,L,14.85,1.6335,4
UCZ-59708-525,3/4/2022,05501-86351-NX,Willa Rolling,United States,Yes,L-D-2.5,Lib,D,29.785,3.87205,3
HUB-47311-849,12/7/2021,04521-04300-OK,Stanislaus Gilroy,United States,Yes,L-M-0.5,Lib,M,8.73,1.1349,3
WYM-17686-694,2/25/2021,58689-55264-VK,Correy Cottingham,United States,No,A-D-2.5,Ara,D,22.885,2.05965,5
ZYQ-15797-695,2/25/2019,79436-73011-MM,Pammi Endacott,United Kingdom,Yes,R-D-0.5,Rob,D,5.37,0.3222,5
EEJ-16185-108,2/9/2019,65552-60476-KY,Nona Linklater,United States,Yes,L-L-0.2,Lib,L,4.755,0.61815,5
RWR-77888-800,2/7/2020,69904-02729-YS,Annadiane Dykes,United States,No,A-M-0.5,Ara,M,6.75,0.6075,1
LHN-75209-742,3/23/2020,01433-04270-AX,Felecia Dodgson,United States,Yes,R-M-0.5,Rob,M,5.97,0.3582,6
TIR-71396-998,3/6/2022,14204-14186-LA,Angelia Cockrem,United States,Yes,R-D-2.5,Rob,D,20.585,1.2351,4
RXF-37618-213,4/15/2022,32948-34398-HC,Belvia Umpleby,United States,Yes,R-L-0.5,Rob,L,7.17,0.4302,1
ANM-16388-634,11/19/2021,77343-52608-FF,Nat Saleway,United States,No,L-L-0.2,Lib,L,4.755,0.61815,2
WYL-29300-070,10/16/2019,42770-36274-QA,Hayward Goulter,United States,No,R-M-0.2,Rob,M,2.985,0.1791,1
JHW-74554-805,11/26/2019,14103-58987-ZU,Gay Rizzello,United Kingdom,Yes,R-M-1,Rob,M,9.95,0.597,6
KYS-27063-603,6/30/2019,69958-32065-SW,Shannon List,United States,No,E-L-2.5,Exc,L,34.155,3.75705,4
GAZ-58626-277,1/4/2021,69533-84907-FA,Shirlene Edmondson,Ireland,No,L-L-0.2,Lib,L,4.755,0.61815,2
RPJ-37787-335,10/27/2020,76005-95461-CI,Aurlie McCarl,United States,No,A-M-2.5,Ara,M,25.875,2.32875,3
LEF-83057-763,6/15/2021,15395-90855-VB,Alikee Carryer,United States,Yes,L-M-0.2,Lib,M,4.365,0.56745,5
RPW-36123-215,7/19/2021,80640-45811-LB,Jennifer Rangall,United States,Yes,E-L-0.5,Exc,L,8.91,0.9801,2
WLL-59044-117,7/23/2021,28476-04082-GR,Kipper Boorn,Ireland,Yes,R-D-1,Rob,D,8.95,0.537,6
AWT-22827-563,1/25/2020,12018-75670-EU,Melania Beadle,Ireland,Yes,R-L-0.2,Rob,L,3.585,0.2151,1
QLM-07145-668,5/9/2019,86437-17399-FK,Colene Elgey,United States,No,E-D-0.2,Exc,D,3.645,0.40095,2
HVQ-64398-930,3/30/2020,62979-53167-ML,Lothaire Mizzi,United States,Yes,A-M-0.5,Ara,M,6.75,0.6075,6
WRT-40778-247,3/13/2022,54810-81899-HL,Cletis Giacomazzo,United States,No,R-L-1,Rob,L,11.95,0.717,4
SUB-13006-125,4/17/2019,26103-41504-IB,Ami Arnow,United States,Yes,A-L-0.5,Ara,L,7.77,0.6993,5
CQM-49696-263,10/25/2019,76534-45229-SG,Sheppard Yann,United States,Yes,L-L-2.5,Lib,L,36.455,4.73915,3
KXN-85094-246,9/13/2019,81744-27332-RR,Bunny Naulls,Ireland,Yes,L-M-2.5,Lib,M,33.465,4.35045,3
XOQ-12405-419,4/12/2020,91513-75657-PH,Hally Lorait,United States,Yes,R-D-2.5,Rob,D,20.585,1.2351,4
HYF-10254-369,11/14/2019,30373-66619-CB,Zaccaria Sherewood,United States,No,L-L-0.5,Lib,L,9.51,1.2363,1
XXJ-47000-307,7/18/2019,31582-23562-FM,Jeffrey Dufaire,United States,No,A-L-2.5,Ara,L,29.785,2.68065,3
XXJ-47000-307,7/18/2019,31582-23562-FM,Jeffrey Dufaire,United States,No,A-D-0.2,Ara,D,2.985,0.26865,4
ZDK-82166-357,4/3/2021,81431-12577-VD,Beitris Keaveney,United States,No,A-M-1,Ara,M,11.25,1.0125,3
IHN-19982-362,3/29/2021,68894-91205-MP,Elna Grise,United States,No,R-L-1,Rob,L,11.95,0.717,3
VMT-10030-889,12/15/2021,87602-55754-VN,Torie Gottelier,United States,No,A-L-1,Ara,L,12.95,1.1655,6
NHL-11063-100,5/20/2020,39181-35745-WH,Loydie Langlais,Ireland,Yes,A-L-1,Ara,L,12.95,1.1655,4
ROV-87448-086,11/2/2020,30381-64762-NG,Adham Greenhead,United States,No,A-M-2.5,Ara,M,25.875,2.32875,4
DGY-35773-612,7/25/2020,17503-27693-ZH,Hamish MacSherry,United States,Yes,E-L-1,Exc,L,14.85,1.6335,3
YWH-50638-556,3/14/2019,89442-35633-HJ,Else Langcaster,United Kingdom,Yes,E-L-0.5,Exc,L,8.91,0.9801,4
ISL-11200-600,7/2/2020,13654-85265-IL,Rudy Farquharson,Ireland,Yes,A-D-0.2,Ara,D,2.985,0.26865,6
LBZ-75997-047,12/17/2019,40946-22090-FP,Norene Magauran,United States,No,A-M-2.5,Ara,M,25.875,2.32875,6
EUH-08089-954,12/6/2020,29050-93691-TS,Vicki Kirdsch,United States,No,A-D-0.2,Ara,D,2.985,0.26865,2
BLD-12227-251,3/4/2021,64395-74865-WF,Ilysa Whapple,United States,No,A-M-0.5,Ara,M,6.75,0.6075,2
OPY-30711-853,7/17/2021,81861-66046-SU,Ruy Cancellieri,Ireland,No,A-D-0.2,Ara,D,2.985,0.26865,1
DBC-44122-300,11/4/2020,13366-78506-KP,Aube Follett,United States,Yes,L-M-0.2,Lib,M,4.365,0.56745,3
FJQ-60035-234,4/5/2021,08847-29858-HN,Rudiger Di Bartolomeo,United States,Yes,A-L-0.2,Ara,L,3.885,0.34965,2
HSF-66926-425,3/1/2020,00539-42510-RY,Nickey Youles,Ireland,Yes,L-D-2.5,Lib,D,29.785,3.87205,5
LQG-41416-375,10/19/2021,45190-08727-NV,Dyanna Aizikovitz,Ireland,Yes,L-D-1,Lib,D,12.95,1.6835,3
VZO-97265-841,7/8/2022,87049-37901-FU,Bram Revel,United States,No,R-M-0.2,Rob,M,2.985,0.1791,4
MOR-12987-399,8/17/2019,34015-31593-JC,Emiline Priddis,United States,No,L-M-1,Lib,M,14.55,1.8915,6
UOA-23786-489,5/31/2020,90305-50099-SV,Queenie Veel,United States,Yes,A-M-0.5,Ara,M,6.75,0.6075,6
AJL-52941-018,5/5/2020,55871-61935-MF,Lind Conyers,United States,No,E-D-1,Exc,D,12.15,1.3365,2
XSZ-84273-421,4/14/2019,15405-60469-TM,Pen Wye,United States,Yes,R-M-0.5,Rob,M,5.97,0.3582,3
NUN-48214-216,7/29/2020,06953-94794-FB,Isahella Hagland,United States,No,A-M-0.5,Ara,M,6.75,0.6075,4
AKV-93064-769,12/12/2019,22305-40299-CY,Terry Sheryn,United States,Yes,L-D-0.5,Lib,D,7.77,1.0101,1
BRB-40903-533,6/15/2022,09020-56774-GU,Marie-jeanne Redgrave,United States,Yes,E-L-0.2,Exc,L,4.455,0.49005,3
GPR-19973-483,6/26/2019,92926-08470-YS,Betty Fominov,United States,No,R-D-0.5,Rob,D,5.37,0.3222,5
XIY-43041-882,10/12/2021,07250-63194-JO,Shawnee Critchlow,United States,No,A-M-1,Ara,M,11.25,1.0125,1
YGY-98425-969,4/1/2019,63787-96257-TQ,Merrel Steptow,Ireland,No,L-M-1,Lib,M,14.55,1.8915,1
MSB-08397-648,3/10/2021,49530-25460-RW,Carmina Hubbuck,United States,No,R-L-0.2,Rob,L,3.585,0.2151,4
WDR-06028-345,8/16/2019,66508-21373-OQ,Ingeberg Mulliner,United Kingdom,No,L-L-1,Lib,L,15.85,2.0605,1
MXM-42948-061,8/11/2020,20203-03950-FY,Geneva Standley,Ireland,Yes,L-L-0.2,Lib,L,4.755,0.61815,4
MGQ-98961-173,4/5/2022,83895-90735-XH,Brook Drage,United States,No,L-L-0.5,Lib,L,9.51,1.2363,4
RFH-64349-897,10/22/2019,61954-61462-RJ,Muffin Yallop,United States,Yes,E-D-0.5,Exc,D,7.29,0.8019,3
TKL-20738-660,10/2/2021,47939-53158-LS,Cordi Switsur,United States,No,E-M-0.2,Exc,M,4.125,0.45375,1
TKL-20738-660,10/2/2021,47939-53158-LS,Cordi Switsur,United States,No,A-L-0.2,Ara,L,3.885,0.34965,1
TKL-20738-660,10/2/2021,47939-53158-LS,Cordi Switsur,United States,No,E-M-1,Exc,M,13.75,1.5125,5
GOW-03198-575,3/13/2021,61513-27752-FA,Mahala Ludwell,United States,Yes,A-D-0.5,Ara,D,5.97,0.5373,4
QJB-90477-635,6/12/2022,89714-19856-WX,Doll Beauchamp,United States,No,L-L-2.5,Lib,L,36.455,4.73915,4
MWP-46239-785,4/27/2019,87979-56781-YV,Stanford Rodliff,United States,Yes,L-M-0.2,Lib,M,4.365,0.56745,5
QDV-03406-248,5/23/2019,74126-88836-KA,Stevana Woodham,Ireland,Yes,L-M-0.5,Lib,M,8.73,1.1349,3
GPH-40635-105,7/14/2020,37397-05992-VO,Hewet Synnot,United States,No,A-M-1,Ara,M,11.25,1.0125,1
JOM-80930-071,11/10/2021,54904-18397-UD,Raleigh Lepere,Ireland,No,L-D-1,Lib,D,12.95,1.6835,6
OIL-26493-755,8/31/2021,19017-95853-EK,Timofei Woofinden,United States,No,A-M-0.5,Ara,M,6.75,0.6075,1
CYV-13426-645,7/6/2019,88593-59934-VU,Evelina Dacca,United States,Yes,E-D-1,Exc,D,12.15,1.3365,1
WRP-39846-614,3/4/2022,47493-68564-YM,Bidget Tremellier,Ireland,Yes,A-L-2.5,Ara,L,29.785,2.68065,5
VDZ-76673-968,12/31/2020,82246-82543-DW,Bobinette Hindsberg,United States,Yes,E-D-0.5,Exc,D,7.29,0.8019,2
VTV-03546-175,7/31/2020,03384-62101-IY,Osbert Robins,United States,Yes,A-L-2.5,Ara,L,29.785,2.68065,5
GHR-72274-715,5/24/2021,86881-41559-OR,Othello Syseland,United States,No,L-D-1,Lib,D,12.95,1.6835,1
ZGK-97262-313,7/16/2022,02536-18494-AQ,Ewell Hanby,United States,Yes,E-M-2.5,Exc,M,31.625,3.47875,3
ZFS-30776-804,2/5/2021,58638-01029-CB,Blancha McAmish,United States,Yes,A-L-0.5,Ara,L,7.77,0.6993,5
QUU-91729-492,7/29/2021,90312-11148-LA,Lowell Keenleyside,United States,No,A-D-0.2,Ara,D,2.985,0.26865,4
PVI-72795-960,3/17/2022,68239-74809-TF,Elonore Joliffe,Ireland,No,E-L-2.5,Exc,L,34.155,3.75705,3
PPP-78935-365,2/11/2021,91074-60023-IP,Abraham Coleman,United States,No,E-D-1,Exc,D,12.15,1.3365,4
JUO-34131-517,2/13/2019,07972-83748-JI,Rivy Farington,United States,Yes,L-D-1,Lib,D,12.95,1.6835,6
ZJE-89333-489,5/13/2022,08694-57330-XR,Vallie Kundt,Ireland,Yes,L-D-2.5,Lib,D,29.785,3.87205,1
LOO-35324-159,5/19/2020,68412-11126-YJ,Boyd Bett,United States,Yes,A-L-0.2,Ara,L,3.885,0.34965,4
JBQ-93412-846,4/27/2022,69037-66822-DW,Julio Armytage,Ireland,Yes,E-L-2.5,Exc,L,34.155,3.75705,4
EHX-66333-637,9/9/2020,01297-94364-XH,Deana Staite,United States,No,L-M-0.5,Lib,M,8.73,1.1349,2
WXG-25759-236,3/10/2021,39919-06540-ZI,Winn Keyse,United States,Yes,E-L-2.5,Exc,L,34.155,3.75705,2
QNA-31113-984,4/7/2019,60512-78550-WS,Osmund Clausen-Thue,United States,No,L-M-0.2,Lib,M,4.365,0.56745,4
ZWI-52029-159,7/12/2020,40172-12000-AU,Leonore Francisco,United States,No,L-M-1,Lib,M,14.55,1.8915,3
ZWI-52029-159,7/12/2020,40172-12000-AU,Leonore Francisco,United States,No,E-M-1,Exc,M,13.75,1.5125,2
DFS-49954-707,12/21/2021,39019-13649-CL,Giacobo Skingle,United States,Yes,E-D-0.2,Exc,D,3.645,0.40095,5
VYP-89830-878,10/4/2020,12715-05198-QU,Gerard Pirdy,United States,Yes,A-M-2.5,Ara,M,25.875,2.32875,2
AMT-40418-362,8/8/2020,04513-76520-QO,Jacinthe Balsillie,United States,Yes,L-D-1,Lib,D,12.95,1.6835,1
NFQ-23241-793,10/11/2020,88446-59251-SQ,Quinton Fouracres,United States,Yes,A-M-1,Ara,M,11.25,1.0125,3
JQK-64922-985,11/10/2021,23779-10274-KN,Bettina Leffek,United States,Yes,R-M-2.5,Rob,M,22.885,1.3731,3
YET-17732-678,6/20/2021,57235-92842-DK,Hetti Penson,United States,No,R-D-0.2,Rob,D,2.685,0.1611,1
NKW-24945-846,10/4/2021,75977-30364-AY,Jocko Pray,United States,No,A-D-2.5,Ara,D,22.885,2.05965,5
VKA-82720-513,6/24/2019,12299-30914-NG,Grete Holborn,United States,Yes,A-M-2.5,Ara,M,25.875,2.32875,6
THA-60599-417,10/26/2019,59971-35626-YJ,Fielding Keinrat,United States,Yes,A-M-2.5,Ara,M,25.875,2.32875,3
MEK-39769-035,6/27/2021,15380-76513-PS,Paulo Yea,Ireland,No,R-D-2.5,Rob,D,20.585,1.2351,3
JAF-18294-750,9/6/2019,73564-98204-EY,Say Risborough,United States,Yes,R-D-2.5,Rob,D,20.585,1.2351,6
TME-59627-221,4/30/2021,72282-40594-RX,Alexa Sizey,United States,No,L-L-2.5,Lib,L,36.455,4.73915,6
UDG-65353-824,1/7/2020,17514-94165-RJ,Kari Swede,United States,No,E-M-0.5,Exc,M,8.25,0.9075,4
ENQ-42923-176,1/11/2021,56248-75861-JX,Leontine Rubrow,United States,No,A-L-0.5,Ara,L,7.77,0.6993,3
CBT-55781-720,11/15/2021,97855-54761-IS,Dottie Tift,United States,Yes,E-D-0.5,Exc,D,7.29,0.8019,3
NEU-86533-016,6/3/2019,96544-91644-IT,Gerardo Schonfeld,United States,No,R-D-0.2,Rob,D,2.685,0.1611,6
BYU-58154-603,12/17/2020,51971-70393-QM,Claiborne Feye,Ireland,No,E-D-0.5,Exc,D,7.29,0.8019,4
EHJ-05910-257,2/7/2021,06812-11924-IK,Mina Elstone,United States,Yes,R-D-1,Rob,D,8.95,0.537,6
EIL-44855-309,3/15/2021,59741-90220-OW,Sherman Mewrcik,United States,Yes,R-D-0.5,Rob,D,5.37,0.3222,5
HCA-87224-420,8/4/2022,62682-27930-PD,Tamarah Fero,United States,Yes,E-M-0.5,Exc,M,8.25,0.9075,5
ABO-29054-365,1/19/2019,00256-19905-YG,Stanislaus Valsler,Ireland,No,A-M-0.5,Ara,M,6.75,0.6075,6
TKN-58485-031,3/23/2022,38890-22576-UI,Felita Dauney,Ireland,No,R-D-1,Rob,D,8.95,0.537,2
RCK-04069-371,10/7/2021,94573-61802-PH,Serena Earley,United Kingdom,No,E-L-2.5,Exc,L,34.155,3.75705,2
IRJ-67095-738,3/20/2019,86447-02699-UT,Minny Chamberlayne,United States,Yes,E-M-2.5,Exc,M,31.625,3.47875,2
VEA-31961-977,12/15/2021,51432-27169-KN,Bartholemy Flaherty,Ireland,No,E-D-0.5,Exc,D,7.29,0.8019,3
BAF-42286-205,6/8/2022,43074-00987-PB,Oran Colbeck,United States,No,R-M-2.5,Rob,M,22.885,1.3731,4
WOR-52762-511,12/14/2019,04739-85772-QT,Elysee Sketch,United States,Yes,E-L-2.5,Exc,L,34.155,3.75705,6
ZWK-03995-815,4/10/2021,28279-78469-YW,Ethelda Hobbing,United States,Yes,E-M-2.5,Exc,M,31.625,3.47875,2
CKF-43291-846,3/10/2020,91829-99544-DS,Odille Thynne,United States,Yes,E-L-2.5,Exc,L,34.155,3.75705,1
RMW-74160-339,10/16/2020,38978-59582-JP,Emlynne Heining,United States,Yes,R-L-2.5,Rob,L,27.485,1.6491,4
FMT-94584-786,10/8/2019,86504-96610-BH,Katerina Melloi,United States,No,A-L-1,Ara,L,12.95,1.1655,2
NWT-78222-575,12/31/2019,75986-98864-EZ,Tiffany Scardafield,Ireland,No,A-D-0.2,Ara,D,2.985,0.26865,1
EOI-02511-919,3/20/2020,66776-88682-RG,Abrahan Mussen,United States,No,E-L-0.2,Exc,L,4.455,0.49005,5
EOI-02511-919,3/20/2020,66776-88682-RG,Abrahan Mussen,United States,No,A-D-0.5,Ara,D,5.97,0.5373,5
UCT-03935-589,3/29/2021,85851-78384-DM,Anny Mundford,United States,No,R-D-0.5,Rob,D,5.37,0.3222,6
SBI-60013-494,11/12/2021,55232-81621-BX,Tory Walas,United States,No,E-M-0.2,Exc,M,4.125,0.45375,2
QRA-73277-814,7/20/2021,80310-92912-JA,Isa Blazewicz,United States,No,A-L-0.5,Ara,L,7.77,0.6993,4
EQE-31648-909,1/18/2019,19821-05175-WZ,Angie Rizzetti,United States,Yes,E-D-0.5,Exc,D,7.29,0.8019,5
QOO-24615-950,8/7/2019,01338-83217-GV,Mord Meriet,United States,No,R-M-2.5,Rob,M,22.885,1.3731,3
WDV-73864-037,3/13/2022,66044-25298-TA,Lawrence Pratt,United States,Yes,L-M-0.5,Lib,M,8.73,1.1349,5
PKR-88575-066,5/17/2022,28728-47861-TZ,Astrix Kitchingham,United States,Yes,E-L-0.2,Exc,L,4.455,0.49005,1
BWR-85735-955,12/14/2019,32638-38620-AX,Burnard Bartholin,United States,Yes,L-M-1,Lib,M,14.55,1.8915,3
YFX-64795-136,1/15/2020,83163-65741-IH,Madelene Prinn,United States,Yes,L-M-2.5,Lib,M,33.465,4.35045,1
DDO-71442-967,4/12/2019,89422-58281-FD,Alisun Baudino,United States,Yes,L-D-0.2,Lib,D,3.885,0.50505,5
ILQ-11027-588,3/29/2020,76293-30918-DQ,Philipa Petrushanko,Ireland,Yes,E-D-1,Exc,D,12.15,1.3365,6
KRZ-13868-122,3/24/2022,86779-84838-EJ,Kimberli Mustchin,United States,No,E-L-1,Exc,L,14.85,1.6335,3
VRM-93594-914,7/21/2021,66806-41795-MX,Emlynne Laird,United States,No,E-D-0.5,Exc,D,7.29,0.8019,5
HXL-22497-359,8/6/2019,64875-71224-UI,Marlena Howsden,United States,No,A-L-1,Ara,L,12.95,1.1655,3
NOP-21394-646,5/23/2021,16982-35708-BZ,Nealson Cuttler,United States,No,E-L-0.5,Exc,L,8.91,0.9801,6
NOP-21394-646,5/23/2021,16982-35708-BZ,Nealson Cuttler,United States,No,L-D-2.5,Lib,D,29.785,3.87205,2
NOP-21394-646,5/23/2021,16982-35708-BZ,Nealson Cuttler,United States,No,L-D-2.5,Lib,D,29.785,3.87205,3
NOP-21394-646,5/23/2021,16982-35708-BZ,Nealson Cuttler,United States,No,L-L-0.5,Lib,L,9.51,1.2363,4
NOP-21394-646,5/23/2021,16982-35708-BZ,Nealson Cuttler,United States,No,E-M-1,Exc,M,13.75,1.5125,3
FTV-77095-168,4/8/2021,66708-26678-QK,Adriana Lazarus,United States,No,L-L-0.5,Lib,L,9.51,1.2363,6
BOR-02906-411,10/17/2021,08743-09057-OO,Tallie felip,United States,Yes,L-D-2.5,Lib,D,29.785,3.87205,6
WMP-68847-770,2/16/2022,37490-01572-JW,Vanna Le - Count,United States,No,L-L-0.2,Lib,L,4.755,0.61815,1
TMO-22785-872,7/15/2020,01811-60350-CU,Sarette Ducarel,United States,No,E-M-1,Exc,M,13.75,1.5125,6
TJG-73587-353,2/22/2020,24766-58139-GT,Kendra Glison,United States,Yes,R-D-0.2,Rob,D,2.685,0.1611,3
OOU-61343-455,1/15/2021,90123-70970-NY,Nertie Poolman,United States,No,A-M-1,Ara,M,11.25,1.0125,2
RMA-08327-369,1/11/2021,93809-05424-MG,Orbadiah Duny,United States,Yes,A-M-0.5,Ara,M,6.75,0.6075,6
SFB-97929-779,4/8/2022,85425-33494-HQ,Constance Halfhide,Ireland,Yes,E-D-0.5,Exc,D,7.29,0.8019,4
AUP-10128-606,10/1/2020,54387-64897-XC,Fransisco Malecky,United Kingdom,No,A-M-0.5,Ara,M,6.75,0.6075,1
YTW-40242-005,10/28/2019,01035-70465-UO,Anselma Attwater,United States,Yes,L-D-1,Lib,D,12.95,1.6835,4
PRP-53390-819,3/28/2021,84260-39432-ML,Minette Whellans,United States,No,E-L-0.5,Exc,L,8.91,0.9801,6
GSJ-01065-125,3/31/2020,69779-40609-RS,Dael Camilletti,United States,Yes,E-D-0.2,Exc,D,3.645,0.40095,4
YQU-65147-580,3/26/2022,80247-70000-HT,Emiline Galgey,United States,No,R-D-2.5,Rob,D,20.585,1.2351,1
QPM-95832-683,11/6/2019,35058-04550-VC,Murdock Hame,Ireland,No,L-L-1,Lib,L,15.85,2.0605,2
BNQ-88920-567,12/30/2019,27226-53717-SY,Ilka Gurnee,United States,No,L-D-0.2,Lib,D,3.885,0.50505,6
PUX-47906-110,10/1/2021,02002-98725-CH,Alfy Snowding,United States,Yes,L-M-1,Lib,M,14.55,1.8915,4
COL-72079-610,12/9/2020,38487-01549-MV,Godfry Poinsett,United States,No,E-L-0.5,Exc,L,8.91,0.9801,4
LBC-45686-819,5/1/2021,98573-41811-EQ,Rem Furman,Ireland,Yes,A-M-1,Ara,M,11.25,1.0125,5
BLQ-03709-265,8/4/2022,72463-75685-MV,Charis Crosier,United States,No,R-L-0.2,Rob,L,3.585,0.2151,3
BLQ-03709-265,8/4/2022,72463-75685-MV,Charis Crosier,United States,No,R-M-0.2,Rob,M,2.985,0.1791,5
VFZ-91673-181,11/13/2021,10225-91535-AI,Lenka Rushmer,United States,Yes,A-L-1,Ara,L,12.95,1.1655,6
WKD-81956-870,9/16/2020,48090-06534-HI,Waneta Edinborough,United States,No,L-D-0.5,Lib,D,7.77,1.0101,3
TNI-91067-006,10/5/2020,80444-58185-FX,Bobbe Piggott,United States,Yes,E-L-1,Exc,L,14.85,1.6335,4
IZA-61469-812,1/6/2020,13561-92774-WP,Ketty Bromehead,United States,Yes,L-D-2.5,Lib,D,29.785,3.87205,4
PSS-22466-862,5/21/2021,11550-78378-GE,Elsbeth Westerman,Ireland,No,R-L-0.2,Rob,L,3.585,0.2151,4
REH-56504-397,2/26/2020,90961-35603-RP,Anabelle Hutchens,United States,No,A-M-2.5,Ara,M,25.875,2.32875,5
ALA-62598-016,2/19/2020,57145-03803-ZL,Noak Wyvill,United Kingdom,Yes,R-D-0.2,Rob,D,2.685,0.1611,6
EYE-70374-835,6/29/2021,89115-11966-VF,Beltran Mathon,United States,No,R-L-0.2,Rob,L,3.585,0.2151,5
CCZ-19589-212,3/27/2021,05754-41702-FG,Kristos Streight,United States,No,L-M-0.2,Lib,M,4.365,0.56745,2
BPT-83989-157,10/27/2021,84269-49816-ML,Portie Cutchie,United States,No,A-M-2.5,Ara,M,25.875,2.32875,2
YFH-87456-208,6/12/2019,23600-98432-ME,Sinclare Edsell,United States,Yes,L-M-0.2,Lib,M,4.365,0.56745,2
JLN-14700-924,6/28/2020,79058-02767-CP,Conny Gheraldi,United Kingdom,No,L-L-0.2,Lib,L,4.755,0.61815,5
JVW-22582-137,3/23/2021,89208-74646-UK,Beryle Kenwell,United States,No,E-M-0.2,Exc,M,4.125,0.45375,5
LAA-41879-001,2/10/2022,11408-81032-UR,Tomas Sutty,United States,No,L-L-2.5,Lib,L,36.455,4.73915,1
BRV-64870-915,4/16/2019,32070-55528-UG,Samuele Ales0,Ireland,No,L-L-2.5,Lib,L,36.455,4.73915,5
RGJ-12544-083,2/12/2020,48873-84433-PN,Carlie Harce,Ireland,No,L-D-2.5,Lib,D,29.785,3.87205,3
JJX-83339-346,1/2/2022,32928-18158-OW,Craggy Bril,United States,Yes,R-L-0.2,Rob,L,3.585,0.2151,1
BIU-21970-705,12/7/2020,89711-56688-GG,Friederike Drysdale,United States,Yes,R-M-2.5,Rob,M,22.885,1.3731,2
ELJ-87741-745,2/20/2020,48389-71976-JB,Devon Magowan,United States,No,E-L-1,Exc,L,14.85,1.6335,4
SGI-48226-857,6/11/2020,84033-80762-EQ,Codi Littrell,United States,Yes,A-M-2.5,Ara,M,25.875,2.32875,6
AHV-66988-037,9/8/2020,12743-00952-KO,Christel Speak,United States,No,R-M-2.5,Rob,M,22.885,1.3731,2
ISK-42066-094,3/28/2020,41505-42181-EF,Sibella Rushbrooke,United States,Yes,E-D-1,Exc,D,12.15,1.3365,3
FTC-35822-530,10/10/2020,14307-87663-KB,Tammie Drynan,United States,Yes,E-D-0.5,Exc,D,7.29,0.8019,4
VSS-56247-688,5/21/2022,08360-19442-GB,Effie Yurkov,United States,No,L-M-2.5,Lib,M,33.465,4.35045,4
HVW-25584-144,4/30/2020,93405-51204-UW,Lexie Mallan,United States,Yes,L-L-0.2,Lib,L,4.755,0.61815,5
MUY-15309-209,12/12/2021,97152-03355-IW,Georgena Bentjens,United Kingdom,No,L-D-1,Lib,D,12.95,1.6835,3
VAJ-44572-469,10/27/2020,79216-73157-TE,Delmar Beasant,Ireland,Yes,R-L-0.2,Rob,L,3.585,0.2151,6
YJU-84377-606,7/7/2020,20259-47723-AC,Lyn Entwistle,United States,Yes,A-D-1,Ara,D,9.95,0.8955,1
VNC-93921-469,1/31/2020,04666-71569-RI,Zacharias Kiffe,United States,Yes,L-L-1,Lib,L,15.85,2.0605,1
OGB-91614-810,2/18/2020,08909-77713-CG,Mercedes Acott,United States,Yes,R-M-0.2,Rob,M,2.985,0.1791,1
BQI-61647-496,6/13/2021,84340-73931-VV,Connor Heaviside,United States,Yes,E-M-1,Exc,M,13.75,1.5125,5
IOM-51636-823,8/6/2022,04609-95151-XH,Devy Bulbrook,United States,No,A-D-1,Ara,D,9.95,0.8955,3
GGD-38107-641,11/23/2021,99562-88650-YF,Leia Kernan,United States,No,L-M-1,Lib,M,14.55,1.8915,4
LTO-95975-728,10/13/2021,46560-73885-PJ,Rosaline McLae,United Kingdom,No,R-L-0.5,Rob,L,7.17,0.4302,4
IGM-84664-265,8/31/2021,80179-44620-WN,Cleve Blowfelde,United States,No,R-L-0.5,Rob,L,7.17,0.4302,3
SKO-45740-621,1/16/2020,04666-71569-RI,Zacharias Kiffe,United States,Yes,L-M-0.5,Lib,M,8.73,1.1349,2
FOJ-02234-063,4/25/2022,59081-87231-VP,Denyse O'Calleran,United States,Yes,E-D-2.5,Exc,D,27.945,3.07395,1
MSJ-11909-468,11/13/2021,07878-45872-CC,Cobby Cromwell,United States,No,E-D-2.5,Exc,D,27.945,3.07395,5
DKB-78053-329,6/8/2021,12444-05174-OO,Irv Hay,United Kingdom,No,R-M-0.2,Rob,M,2.985,0.1791,2
DFZ-45083-941,11/21/2020,34665-62561-AU,Tani Taffarello,United States,Yes,R-L-2.5,Rob,L,27.485,1.6491,1
OTA-40969-710,3/14/2019,77877-11993-QH,Monique Canty,United States,Yes,R-L-1,Rob,L,11.95,0.717,5
GRH-45571-667,8/16/2019,32291-18308-YZ,Javier Kopke,United States,No,E-M-1,Exc,M,13.75,1.5125,3
NXV-05302-067,4/22/2019,25754-33191-ZI,Mar McIver,United States,No,L-M-2.5,Lib,M,33.465,4.35045,4
VZH-86274-142,5/2/2022,53120-45532-KL,Arabella Fransewich,Ireland,Yes,R-L-1,Rob,L,11.95,0.717,5
KIX-93248-135,2/11/2020,36605-83052-WB,Violette Hellmore,United States,Yes,A-D-0.5,Ara,D,5.97,0.5373,1
AXR-10962-010,3/28/2021,53683-35977-KI,Myles Seawright,United Kingdom,No,E-D-1,Exc,D,12.15,1.3365,2
IHS-71573-008,5/8/2021,07972-83134-NM,Silvana Northeast,United States,Yes,E-D-0.2,Exc,D,3.645,0.40095,6
QTR-19001-114,11/21/2019,01035-70465-UO,Anselma Attwater,United States,Yes,A-D-1,Ara,D,9.95,0.8955,2
WBK-62297-910,5/17/2021,25514-23938-IQ,Monica Fearon,United States,No,A-D-0.2,Ara,D,2.985,0.26865,2
OGY-19377-175,7/9/2019,49084-44492-OJ,Barney Chisnell,Ireland,Yes,E-D-0.5,Exc,D,7.29,0.8019,1
ESR-66651-814,5/20/2020,76624-72205-CK,Jasper Sisneros,United States,Yes,A-D-0.2,Ara,D,2.985,0.26865,4
CPX-46916-770,8/27/2021,12729-50170-JE,Zachariah Carlson,Ireland,Yes,R-L-1,Rob,L,11.95,0.717,6
MDC-03318-645,4/30/2022,43974-44760-QI,Warner Maddox,United States,No,A-L-0.2,Ara,L,3.885,0.34965,2
SFF-86059-407,6/3/2020,30585-48726-BK,Donnie Hedlestone,United States,No,A-M-2.5,Ara,M,25.875,2.32875,1
SCL-94540-788,6/13/2022,16123-07017-TY,Teddi Crowthe,United States,No,E-L-2.5,Exc,L,34.155,3.75705,6
HVU-21634-076,6/10/2020,27723-45097-MH,Dorelia Bury,Ireland,Yes,R-L-2.5,Rob,L,27.485,1.6491,4
XUS-73326-418,12/18/2020,37078-56703-AF,Gussy Broadbear,United States,No,E-L-1,Exc,L,14.85,1.6335,6
XWD-18933-006,8/31/2019,79420-11075-MY,Emlynne Palfrey,United States,Yes,A-L-0.2,Ara,L,3.885,0.34965,2
HPD-65272-772,2/25/2019,57504-13456-UO,Parsifal Metrick,United States,Yes,L-M-2.5,Lib,M,33.465,4.35045,1
JEG-93140-224,2/7/2021,53751-57560-CN,Christopher Grieveson,United States,Yes,E-M-0.5,Exc,M,8.25,0.9075,5
NNH-62058-950,1/14/2021,96112-42558-EA,Karlan Karby,United States,Yes,E-L-1,Exc,L,14.85,1.6335,4
LTD-71429-845,2/24/2019,03157-23165-UB,Flory Crumpe,United Kingdom,No,A-L-0.5,Ara,L,7.77,0.6993,1
MPV-26985-215,6/23/2019,51466-52850-AG,Amity Chatto,United Kingdom,Yes,R-D-0.5,Rob,D,5.37,0.3222,1
IYO-10245-081,5/9/2020,57145-31023-FK,Nanine McCarthy,United States,No,E-M-2.5,Exc,M,31.625,3.47875,3
BYZ-39669-954,7/18/2020,66408-53777-VE,Lyndsey Megany,United States,No,L-L-2.5,Lib,L,36.455,4.73915,1
EFB-72860-209,10/17/2019,53035-99701-WG,Byram Mergue,United States,Yes,A-M-0.2,Ara,M,3.375,0.30375,4
GMM-72397-378,5/16/2022,45899-92796-EI,Kerr Patise,United States,No,R-L-0.2,Rob,L,3.585,0.2151,4
LYP-52345-883,3/24/2021,17649-28133-PY,Mathew Goulter,Ireland,Yes,E-M-0.5,Exc,M,8.25,0.9075,1
DFK-35846-692,11/3/2019,49612-33852-CN,Marris Grcic,United States,Yes,R-D-0.2,Rob,D,2.685,0.1611,5
XAH-93337-609,10/28/2021,66976-43829-YG,Domeniga Duke,United States,No,A-D-1,Ara,D,9.95,0.8955,5
QKA-72582-644,12/16/2020,64852-04619-XZ,Violante Skouling,Ireland,No,E-M-0.5,Exc,M,8.25,0.9075,2
ZDK-84567-102,11/29/2021,58690-31815-VY,Isidore Hussey,United States,No,A-D-0.5,Ara,D,5.97,0.5373,3
WAV-38301-984,3/20/2021,62863-81239-DT,Cassie Pinkerton,United States,No,A-D-0.5,Ara,D,5.97,0.5373,5
KZR-33023-209,4/8/2022,21177-40725-CF,Micki Fero,United States,No,E-L-1,Exc,L,14.85,1.6335,3
ULM-49433-003,8/14/2020,99421-80253-UI,Cybill Graddell,United States,No,E-M-1,Exc,M,13.75,1.5125,2
SIB-83254-136,5/12/2019,45315-50206-DK,Dorian Vizor,United States,Yes,R-M-0.5,Rob,M,5.97,0.3582,6
NOK-50349-551,3/3/2021,09595-95726-OV,Eddi Sedgebeer,United States,Yes,R-D-0.5,Rob,D,5.37,0.3222,3
YIS-96268-844,2/11/2020,60221-67036-TD,Ken Lestrange,United States,Yes,E-L-0.2,Exc,L,4.455,0.49005,6
CXI-04933-855,4/27/2019,62923-29397-KX,Lacee Tanti,United States,Yes,E-L-2.5,Exc,L,34.155,3.75705,6
IZU-90429-382,3/26/2022,33011-52383-BA,Arel De Lasci,United States,Yes,A-L-1,Ara,L,12.95,1.1655,3
WIT-40912-783,9/28/2020,86768-91598-FA,Trescha Jedrachowicz,United States,Yes,L-D-0.2,Lib,D,3.885,0.50505,4
PSD-57291-590,10/24/2019,37191-12203-MX,Perkin Stonner,United States,No,A-M-0.5,Ara,M,6.75,0.6075,1
GOI-41472-677,8/4/2021,16545-76328-JY,Darrin Tingly,United States,Yes,E-D-2.5,Exc,D,27.945,3.07395,4
KTX-17944-494,12/29/2019,74330-29286-RO,Claudetta Rushe,United States,Yes,A-L-0.2,Ara,L,3.885,0.34965,1
RDM-99811-230,11/27/2019,22349-47389-GY,Benn Checci,United Kingdom,No,L-M-0.2,Lib,M,4.365,0.56745,5
JTU-55897-581,2/29/2020,70290-38099-GB,Janifer Bagot,United States,No,R-M-0.2,Rob,M,2.985,0.1791,5
CRK-07584-240,1/31/2021,18741-72071-PP,Ermin Beeble,United States,Yes,A-M-1,Ara,M,11.25,1.0125,3
MKE-75518-399,6/17/2022,62588-82624-II,Cos Fluin,United Kingdom,No,A-M-1,Ara,M,11.25,1.0125,3
AEL-51169-725,2/3/2020,37430-29579-HD,Eveleen Bletsor,United States,Yes,L-M-0.2,Lib,M,4.365,0.56745,6
ZGM-83108-823,1/25/2022,84132-22322-QT,Paola Brydell,Ireland,No,E-L-1,Exc,L,14.85,1.6335,1
JBP-78754-392,4/30/2020,74330-29286-RO,Claudetta Rushe,United States,Yes,E-M-2.5,Exc,M,31.625,3.47875,6
RNH-54912-747,5/1/2021,37445-17791-NQ,Natka Leethem,United States,Yes,R-M-0.5,Rob,M,5.97,0.3582,1
JDS-33440-914,10/28/2021,58511-10548-ZU,Ailene Nesfield,United Kingdom,Yes,R-M-1,Rob,M,9.95,0.597,3
SYX-48878-182,8/29/2021,47725-34771-FJ,Stacy Pickworth,United States,No,R-D-1,Rob,D,8.95,0.537,5
ZGD-94763-868,12/27/2019,53086-67334-KT,Melli Brockway,United States,Yes,E-L-2.5,Exc,L,34.155,3.75705,1
CZY-70361-485,6/25/2019,83308-82257-UN,Nanny Lush,Ireland,No,E-L-2.5,Exc,L,34.155,3.75705,6
RJR-12175-899,3/2/2019,37274-08534-FM,Selma McMillian,United States,No,E-D-0.5,Exc,D,7.29,0.8019,3
ELB-07929-407,1/2/2022,54004-04664-AA,Tess Bennison,United States,Yes,A-M-2.5,Ara,M,25.875,2.32875,2
UJQ-54441-340,7/30/2019,26822-19510-SD,Gabie Tweed,United States,Yes,E-M-0.2,Exc,M,4.125,0.45375,2
UJQ-54441-340,7/30/2019,26822-19510-SD,Gabie Tweed,United States,Yes,A-L-0.2,Ara,L,3.885,0.34965,5
OWY-43108-475,12/5/2020,06432-73165-ML,Gaile Goggin,Ireland,Yes,A-M-0.2,Ara,M,3.375,0.30375,6
GNO-91911-159,12/17/2020,96503-31833-CW,Skylar Jeyness,Ireland,No,L-D-0.5,Lib,D,7.77,1.0101,3
CNY-06284-066,6/26/2021,63985-64148-MG,Donica Bonhome,United States,Yes,E-D-0.2,Exc,D,3.645,0.40095,5
OQS-46321-904,7/20/2019,19597-91185-CM,Diena Peetermann,United States,No,E-M-1,Exc,M,13.75,1.5125,1
IBW-87442-480,7/14/2022,79814-23626-JR,Trina Le Sarr,United States,Yes,A-L-2.5,Ara,L,29.785,2.68065,1
DGZ-82537-477,8/14/2020,43439-94003-DW,Flynn Antony,United States,No,R-D-1,Rob,D,8.95,0.537,5
LPS-39089-432,4/24/2019,97655-45555-LI,Baudoin Alldridge,United States,Yes,R-D-1,Rob,D,8.95,0.537,5
MQU-86100-929,6/4/2019,64418-01720-VW,Homer Dulany,United States,Yes,L-L-0.5,Lib,L,9.51,1.2363,4
XUR-14132-391,8/8/2022,96836-09258-RI,Lisa Goodger,United States,Yes,R-D-0.5,Rob,D,5.37,0.3222,4
OVI-27064-381,11/13/2019,37274-08534-FM,Selma McMillian,United States,No,R-D-0.5,Rob,D,5.37,0.3222,3
SHP-17012-870,6/7/2020,69529-07533-CV,Corine Drewett,United States,Yes,R-M-2.5,Rob,M,22.885,1.3731,1
FDY-03414-903,8/12/2019,94840-49457-UD,Quinn Parsons,United States,Yes,A-D-0.5,Ara,D,5.97,0.5373,3
WXT-85291-143,9/4/2019,81414-81273-DK,Vivyan Ceely,United States,Yes,R-M-0.5,Rob,M,5.97,0.3582,4
QNP-18893-547,10/4/2019,76930-61689-CH,Elonore Goodings,United States,No,R-L-1,Rob,L,11.95,0.717,5
DOH-92927-530,2/24/2020,12839-56537-TQ,Clement Vasiliev,United States,Yes,L-L-0.2,Lib,L,4.755,0.61815,6
HGJ-82768-173,8/26/2021,62741-01322-HU,Terencio O'Moylan,United Kingdom,No,A-M-1,Ara,M,11.25,1.0125,4
YPT-95383-088,10/3/2021,43439-94003-DW,Flynn Antony,United States,No,E-D-2.5,Exc,D,27.945,3.07395,2
OYH-16533-767,6/13/2020,44932-34838-RM,Wyatan Fetherston,United States,No,E-L-1,Exc,L,14.85,1.6335,4
DWW-28642-549,3/1/2021,91181-19412-RQ,Emmaline Rasmus,United States,Yes,E-D-0.2,Exc,D,3.645,0.40095,2
CGO-79583-871,3/4/2019,37182-54930-XC,Wesley Giorgioni,United States,Yes,E-D-0.5,Exc,D,7.29,0.8019,1
TFY-52090-386,10/13/2019,08613-17327-XT,Lucienne Scargle,United States,No,E-L-0.5,Exc,L,8.91,0.9801,2
TFY-52090-386,10/13/2019,08613-17327-XT,Lucienne Scargle,United States,No,L-D-0.5,Lib,D,7.77,1.0101,5
NYY-73968-094,8/15/2019,70451-38048-AH,Noam Climance,United States,No,R-D-0.5,Rob,D,5.37,0.3222,6
QEY-71761-460,11/29/2021,35442-75769-PL,Catarina Donn,Ireland,Yes,R-M-1,Rob,M,9.95,0.597,2
GKQ-82603-910,1/19/2020,83737-56117-JE,Ameline Snazle,United States,No,R-L-1,Rob,L,11.95,0.717,5
IOB-32673-745,5/28/2021,07095-81281-NJ,Rebeka Worg,United States,Yes,A-L-0.5,Ara,L,7.77,0.6993,3
YAU-98893-150,1/15/2022,77043-48851-HG,Lewes Danes,United States,No,L-M-1,Lib,M,14.55,1.8915,3
XNM-14163-951,12/4/2019,78224-60622-KH,Shelli Keynd,United States,No,E-L-2.5,Exc,L,34.155,3.75705,6
JPB-45297-000,7/1/2022,83105-86631-IU,Dell Daveridge,United States,No,R-L-0.2,Rob,L,3.585,0.2151,4
MOU-74341-266,5/7/2019,99358-65399-TC,Joshuah Awdry,United States,No,A-D-0.5,Ara,D,5.97,0.5373,4
DHJ-87461-571,8/23/2020,94525-76037-JP,Ethel Ryles,United States,No,A-M-1,Ara,M,11.25,1.0125,2
DKM-97676-850,6/2/2020,43439-94003-DW,Flynn Antony,United States,No,E-D-0.5,Exc,D,7.29,0.8019,5
UEB-09112-118,1/30/2020,82718-93677-XO,Maitilde Boxill,United States,Yes,A-M-0.5,Ara,M,6.75,0.6075,4
ORZ-67699-748,2/15/2020,44708-78241-DF,Jodee Caldicott,United States,No,A-M-2.5,Ara,M,25.875,2.32875,6
JXP-28398-485,6/11/2021,23039-93032-FN,Marianna Vedmore,United States,Yes,A-D-2.5,Ara,D,22.885,2.05965,5
WWH-92259-198,3/11/2022,35256-12529-FT,Willey Romao,United States,Yes,L-D-1,Lib,D,12.95,1.6835,4
FLR-82914-153,9/9/2021,86100-33488-WP,Enriqueta Ixor,United States,No,A-M-2.5,Ara,M,25.875,2.32875,6
AMB-93600-000,5/14/2019,64435-53100-WM,Tomasina Cotmore,United States,No,A-L-2.5,Ara,L,29.785,2.68065,1
FEP-36895-658,4/8/2019,44699-43836-UH,Yuma Skipsey,United Kingdom,No,R-L-0.2,Rob,L,3.585,0.2151,6
RXW-91413-276,8/15/2020,29588-35679-RG,Nicko Corps,United States,No,R-D-2.5,Rob,D,20.585,1.2351,2
RXW-91413-276,8/15/2020,29588-35679-RG,Nicko Corps,United States,No,R-M-0.5,Rob,M,5.97,0.3582,1
SDB-77492-188,5/5/2022,64815-54078-HH,Feliks Babber,United States,Yes,E-L-1,Exc,L,14.85,1.6335,5
RZN-65182-395,3/27/2021,59572-41990-XY,Kaja Loxton,United States,No,L-M-1,Lib,M,14.55,1.8915,6
HDQ-86094-507,4/27/2019,32481-61533-ZJ,Parker Tofful,United States,Yes,E-D-1,Exc,D,12.15,1.3365,6
YXO-79631-417,9/25/2021,31587-92570-HL,Casi Gwinnett,United States,No,L-D-0.5,Lib,D,7.77,1.0101,1
SNF-57032-096,2/13/2020,93832-04799-ID,Saree Ellesworth,United States,No,E-D-0.5,Exc,D,7.29,0.8019,6
DGL-29648-995,7/16/2021,59367-30821-ZQ,Silvio Iorizzi,United States,Yes,L-M-0.2,Lib,M,4.365,0.56745,2
GPU-65651-504,5/11/2022,83947-45528-ET,Leesa Flaonier,United States,No,E-M-2.5,Exc,M,31.625,3.47875,2
OJU-34452-896,2/4/2019,60799-92593-CX,Abba Pummell,United States,Yes,E-L-0.5,Exc,L,8.91,0.9801,1
GZS-50547-887,2/5/2019,61600-55136-UM,Corinna Catcheside,United States,Yes,E-D-1,Exc,D,12.15,1.3365,2
ESR-54041-053,5/24/2022,59771-90302-OF,Cortney Gibbonson,United States,Yes,A-L-0.5,Ara,L,7.77,0.6993,6
OGD-10781-526,10/4/2020,16880-78077-FB,Terri Farra,United States,No,R-L-0.5,Rob,L,7.17,0.4302,6
FVH-29271-315,6/30/2022,74415-50873-FC,Corney Curme,Ireland,Yes,A-D-0.5,Ara,D,5.97,0.5373,3
BNZ-20544-633,10/21/2020,31798-95707-NR,Gothart Bamfield,United States,Yes,L-L-0.5,Lib,L,9.51,1.2363,4
FUX-85791-078,10/16/2020,59122-08794-WT,Waylin Hollingdale,United States,Yes,A-M-0.2,Ara,M,3.375,0.30375,2
YXP-20078-116,9/23/2020,37238-52421-JJ,Judd De Leek,United States,Yes,R-M-0.5,Rob,M,5.97,0.3582,1
VQV-59984-866,3/8/2019,48854-01899-FN,Vanya Skullet,Ireland,No,R-D-0.2,Rob,D,2.685,0.1611,3
JEH-37276-048,6/30/2021,80896-38819-DW,Jany Rudeforth,Ireland,Yes,A-L-0.5,Ara,L,7.77,0.6993,3
VYD-28555-589,8/13/2019,29814-01459-RC,Ashbey Tomaszewski,United Kingdom,Yes,R-L-0.5,Rob,L,7.17,0.4302,6
WUG-76466-650,2/22/2021,43439-94003-DW,Flynn Antony,United States,No,L-D-0.5,Lib,D,7.77,1.0101,3
RJV-08261-583,3/26/2022,48497-29281-FE,Pren Bess,United States,Yes,A-D-0.2,Ara,D,2.985,0.26865,5
PMR-56062-609,1/10/2020,43605-12616-YH,Elka Windress,United States,No,E-D-0.5,Exc,D,7.29,0.8019,3
XLD-12920-505,5/1/2019,21907-75962-VB,Marty Kidstoun,United States,Yes,E-L-0.5,Exc,L,8.91,0.9801,6
UBW-50312-037,2/9/2020,69503-12127-YD,Nickey Dimbleby,United States,No,A-L-2.5,Ara,L,29.785,2.68065,4
QAW-05889-019,12/29/2021,68810-07329-EU,Virgil Baumadier,United States,Yes,L-M-0.5,Lib,M,8.73,1.1349,5
EPT-12715-397,9/9/2020,08478-75251-OG,Lenore Messenbird,United States,Yes,A-D-0.2,Ara,D,2.985,0.26865,6
DHT-93810-053,9/16/2021,17005-82030-EA,Shirleen Welds,United States,Yes,E-L-1,Exc,L,14.85,1.6335,5
DMY-96037-963,10/26/2020,42179-95059-DO,Maisie Sarvar,United States,Yes,L-D-0.2,Lib,D,3.885,0.50505,3
MBM-55936-917,3/12/2019,55989-39849-WO,Andrej Havick,United States,Yes,L-D-0.5,Lib,D,7.77,1.0101,3
TPA-93614-840,2/18/2021,28932-49296-TM,Sloan Diviny,United States,Yes,E-D-0.5,Exc,D,7.29,0.8019,2
WDM-77521-710,10/29/2020,86144-10144-CB,Itch Norquoy,United States,No,A-M-0.5,Ara,M,6.75,0.6075,2
EIP-19142-462,9/6/2021,60973-72562-DQ,Anson Iddison,United States,No,E-L-1,Exc,L,14.85,1.6335,6
EIP-19142-462,9/6/2021,60973-72562-DQ,Anson Iddison,United States,No,A-L-0.2,Ara,L,3.885,0.34965,1
ZZL-76364-387,9/9/2020,11263-86515-VU,Randal Longfield,United States,No,R-L-2.5,Rob,L,27.485,1.6491,4
GMF-18638-786,9/26/2021,60004-62976-NI,Gregorius Kislingbury,United States,Yes,L-D-0.5,Lib,D,7.77,1.0101,6
TDJ-20844-787,11/5/2020,77876-28498-HI,Xenos Gibbons,United States,No,A-L-0.5,Ara,L,7.77,0.6993,5
BWK-39400-446,9/12/2019,61302-06948-EH,Fleur Parres,United States,Yes,L-D-0.5,Lib,D,7.77,1.0101,4
LCB-02099-995,7/31/2019,06757-96251-UH,Gran Sibray,United States,Yes,A-D-0.2,Ara,D,2.985,0.26865,6
UBA-43678-174,3/15/2019,44530-75983-OD,Ingelbert Hotchkin,United Kingdom,No,E-D-2.5,Exc,D,27.945,3.07395,6
UDH-24280-432,5/16/2021,44865-58249-RY,Neely Broadberrie,United States,No,L-L-1,Lib,L,15.85,2.0605,4
IDQ-20193-502,5/6/2019,36021-61205-DF,Rutger Pithcock,United States,Yes,L-M-0.2,Lib,M,4.365,0.56745,2
DJG-14442-608,2/6/2019,75716-12782-SS,Gale Croysdale,United States,Yes,R-D-1,Rob,D,8.95,0.537,3
DWB-61381-370,4/9/2021,11812-00461-KH,Benedetto Gozzett,United States,No,L-L-0.2,Lib,L,4.755,0.61815,2
FRD-17347-990,5/20/2020,46681-78850-ZW,Tania Craggs,Ireland,No,A-D-1,Ara,D,9.95,0.8955,4
YPP-27450-525,12/2/2020,01932-87052-KO,Leonie Cullrford,United States,Yes,E-M-0.5,Exc,M,8.25,0.9075,3
EFC-39577-424,8/8/2021,16046-34805-ZF,Auguste Rizon,United States,Yes,E-M-1,Exc,M,13.75,1.5125,5
LAW-80062-016,2/3/2022,34546-70516-LR,Lorin Guerrazzi,Ireland,No,E-M-0.5,Exc,M,8.25,0.9075,6
WKL-27981-758,4/8/2022,73699-93557-FZ,Felice Miell,United States,Yes,A-M-2.5,Ara,M,25.875,2.32875,2
VRT-39834-265,1/7/2021,86686-37462-CK,Hamish Skeech,Ireland,Yes,L-L-1,Lib,L,15.85,2.0605,3
QTC-71005-730,9/2/2021,14298-02150-KH,Giordano Lorenzin,United States,No,A-L-0.2,Ara,L,3.885,0.34965,4
TNX-09857-717,11/4/2021,48675-07824-HJ,Harwilll Bishell,United States,Yes,L-M-1,Lib,M,14.55,1.8915,6
JZV-43874-185,8/2/2021,18551-80943-YQ,Freeland Missenden,United States,Yes,A-M-1,Ara,M,11.25,1.0125,5
ICF-17486-106,1/27/2020,19196-09748-DB,Waylan Springall,United States,Yes,L-L-2.5,Lib,L,36.455,4.73915,1
BMK-49520-383,12/3/2019,72233-08665-IP,Kiri Avramow,United States,Yes,R-L-0.2,Rob,L,3.585,0.2151,3
HTS-15020-632,8/6/2019,53817-13148-RK,Gregg Hawkyens,United States,No,R-M-0.2,Rob,M,2.985,0.1791,3
YLE-18247-749,3/11/2020,92227-49331-QR,Reggis Pracy,United States,Yes,A-L-0.5,Ara,L,7.77,0.6993,3
KJJ-12573-591,9/18/2021,12997-41076-FQ,Paula Denis,United States,Yes,A-L-2.5,Ara,L,29.785,2.68065,1
RGU-43561-950,11/7/2020,44220-00348-MB,Broderick McGilvra,United States,Yes,A-L-2.5,Ara,L,29.785,2.68065,5
JSN-73975-443,6/27/2022,93047-98331-DD,Annabella Danzey,United States,Yes,L-M-0.5,Lib,M,8.73,1.1349,1
WNR-71736-993,2/5/2020,16880-78077-FB,Terri Farra,United States,No,L-D-0.5,Lib,D,7.77,1.0101,4
WNR-71736-993,2/5/2020,16880-78077-FB,Terri Farra,United States,No,A-D-2.5,Ara,D,22.885,2.05965,6
HNI-91338-546,2/7/2020,67285-75317-XI,Nevins Glowacz,United States,No,A-D-0.5,Ara,D,5.97,0.5373,5
CYH-53243-218,12/18/2020,88167-57964-PH,Adelice Isabell,United States,No,R-M-0.5,Rob,M,5.97,0.3582,3
SVD-75407-177,8/23/2021,16106-36039-QS,Yulma Dombrell,United States,Yes,E-L-0.5,Exc,L,8.91,0.9801,3
NVN-66443-451,8/20/2021,98921-82417-GN,Alric Darth,United States,No,R-D-1,Rob,D,8.95,0.537,2
JUA-13580-095,4/1/2019,55265-75151-AK,Manuel Darrigoe,Ireland,Yes,R-L-0.2,Rob,L,3.585,0.2151,4
ACY-56225-839,1/28/2021,47386-50743-FG,Kynthia Berick,United States,Yes,A-M-2.5,Ara,M,25.875,2.32875,3
QBB-07903-622,10/21/2019,32622-54551-UC,Minetta Ackrill,United States,No,R-L-1,Rob,L,11.95,0.717,5
JLJ-81802-619,6/20/2021,16880-78077-FB,Terri Farra,United States,No,A-L-1,Ara,L,12.95,1.1655,6
HFT-77191-168,11/4/2021,48419-02347-XP,Melosa Kippen,United States,Yes,R-D-0.2,Rob,D,2.685,0.1611,2
SZR-35951-530,4/5/2021,14121-20527-OJ,Witty Ranson,Ireland,Yes,E-D-2.5,Exc,D,27.945,3.07395,3
IKL-95976-565,12/9/2019,53486-73919-BQ,Rod Gowdie,United States,No,A-M-1,Ara,M,11.25,1.0125,2
XEY-48929-474,1/2/2022,21889-94615-WT,Lemuel Rignold,United States,Yes,L-M-2.5,Lib,M,33.465,4.35045,6
SQT-07286-736,12/8/2019,87726-16941-QW,Nevsa Fields,United States,No,A-M-1,Ara,M,11.25,1.0125,6
QDU-45390-361,11/28/2021,03677-09134-BC,Chance Rowthorn,United States,No,E-M-0.5,Exc,M,8.25,0.9075,1
RUJ-30649-712,3/11/2022,93224-71517-WV,Orly Ryland,United States,Yes,L-L-0.2,Lib,L,4.755,0.61815,2
WSV-49732-075,1/17/2021,76263-95145-GJ,Willabella Abramski,United States,No,L-D-2.5,Lib,D,29.785,3.87205,1
VJF-46305-323,1/18/2019,68555-89840-GZ,Morgen Seson,United States,No,L-D-0.5,Lib,D,7.77,1.0101,2
CXD-74176-600,4/7/2019,70624-19112-AO,Chickie Ragless,Ireland,No,E-L-0.5,Exc,L,8.91,0.9801,4
ADX-50674-975,2/3/2021,58916-61837-QH,Freda Hollows,United States,Yes,A-M-2.5,Ara,M,25.875,2.32875,4
RRP-51647-420,4/18/2019,89292-52335-YZ,Livy Lathleiff,Ireland,Yes,E-D-1,Exc,D,12.15,1.3365,3
PKJ-99134-523,7/7/2021,77284-34297-YY,Koralle Heads,United States,No,R-L-0.5,Rob,L,7.17,0.4302,5
FZQ-29439-457,2/23/2021,50449-80974-BZ,Theo Bowne,Ireland,Yes,E-L-0.2,Exc,L,4.455,0.49005,5
USN-68115-161,8/10/2021,08120-16183-AW,Rasia Jacquemard,Ireland,No,E-M-0.2,Exc,M,4.125,0.45375,6
IXU-20263-532,11/15/2019,68044-89277-ML,Kizzie Warman,Ireland,Yes,L-M-2.5,Lib,M,33.465,4.35045,2
CBT-15092-420,12/17/2019,71364-35210-HS,Wain Cholomin,United Kingdom,Yes,L-M-0.5,Lib,M,8.73,1.1349,1
PKQ-46841-696,3/18/2020,37177-68797-ON,Arleen Braidman,United States,No,R-M-0.5,Rob,M,5.97,0.3582,3
XDU-05471-219,6/6/2022,60308-06944-GS,Pru Durban,Ireland,No,R-L-0.5,Rob,L,7.17,0.4302,1
NID-20149-329,5/20/2021,49888-39458-PF,Antone Harrold,United States,No,R-D-0.2,Rob,D,2.685,0.1611,2
SVU-27222-213,1/11/2021,60748-46813-DZ,Sim Pamphilon,Ireland,No,L-L-0.2,Lib,L,4.755,0.61815,5
RWI-84131-848,2/22/2019,16385-11286-NX,Mohandis Spurden,United States,Yes,R-D-2.5,Rob,D,20.585,1.2351,2
GUU-40666-525,11/24/2021,68555-89840-GZ,Morgen Seson,United States,No,A-L-0.2,Ara,L,3.885,0.34965,3
SCN-51395-066,1/18/2022,72164-90254-EJ,Nalani Pirrone,United States,No,L-L-0.5,Lib,L,9.51,1.2363,4
ULA-24644-321,8/13/2021,67010-92988-CT,Reube Cawley,Ireland,Yes,R-D-2.5,Rob,D,20.585,1.2351,4
EOL-92666-762,1/11/2020,15776-91507-GT,Stan Barribal,Ireland,Yes,L-L-0.2,Lib,L,4.755,0.61815,2
AJV-18231-334,7/5/2020,23473-41001-CD,Agnes Adamides,United Kingdom,No,R-D-2.5,Rob,D,20.585,1.2351,2
ZQI-47236-301,7/25/2019,23446-47798-ID,Carmelita Thowes,United States,No,L-L-0.5,Lib,L,9.51,1.2363,5
ZCR-15721-658,5/26/2022,28327-84469-ND,Rodolfo Willoway,United States,No,A-M-1,Ara,M,11.25,1.0125,4
QEW-47945-682,1/10/2020,42466-87067-DT,Alvis Elwin,United States,No,L-L-0.2,Lib,L,4.755,0.61815,5
PSY-45485-542,5/17/2019,62246-99443-HF,Araldo Bilbrook,Ireland,Yes,R-D-0.5,Rob,D,5.37,0.3222,3
BAQ-74241-156,7/24/2020,99869-55718-UU,Ransell McKall,United Kingdom,Yes,R-D-0.2,Rob,D,2.685,0.1611,4
BVU-77367-451,10/20/2020,77421-46059-RY,Borg Daile,United States,Yes,A-D-1,Ara,D,9.95,0.8955,5
TJE-91516-344,9/22/2019,49894-06550-OQ,Adolphe Treherne,Ireland,No,E-M-1,Exc,M,13.75,1.5125,2
LIS-96202-702,6/7/2020,72028-63343-SU,Annetta Brentnall,United Kingdom,No,L-D-2.5,Lib,D,29.785,3.87205,4
VIO-27668-766,12/15/2019,10074-20104-NN,Dick Drinkall,United States,Yes,R-D-2.5,Rob,D,20.585,1.2351,1
ZVG-20473-043,12/6/2020,71769-10219-IM,Dagny Kornel,United States,Yes,A-D-0.2,Ara,D,2.985,0.26865,3
KGZ-56395-231,12/6/2021,22221-71106-JD,Rhona Lequeux,United States,No,A-D-0.5,Ara,D,5.97,0.5373,1
CUU-92244-729,7/11/2020,99735-44927-OL,Julius Mccaull,United States,Yes,E-M-1,Exc,M,13.75,1.5125,3
EHE-94714-312,6/28/2021,27132-68907-RC,Ailey Brash,United States,Yes,E-L-0.2,Exc,L,4.455,0.49005,5
RTL-16205-161,4/5/2022,90440-62727-HI,Alberto Hutchinson,United States,Yes,A-M-0.5,Ara,M,6.75,0.6075,1
GTS-22482-014,3/24/2022,36769-16558-SX,Lamond Gheeraert,United States,Yes,L-M-2.5,Lib,M,33.465,4.35045,4
DYG-25473-881,2/8/2020,10138-31681-SD,Roxine Drivers,United States,No,A-D-0.2,Ara,D,2.985,0.26865,2
HTR-21838-286,2/11/2022,24669-76297-SF,Heloise Zeal,United States,No,A-L-1,Ara,L,12.95,1.1655,2
KYG-28296-920,7/2/2020,78050-20355-DI,Granger Smallcombe,Ireland,Yes,E-M-2.5,Exc,M,31.625,3.47875,1
NNB-20459-430,7/25/2022,79825-17822-UH,Daryn Dibley,United States,No,L-M-0.2,Lib,M,4.365,0.56745,2
FEK-14025-351,3/19/2021,03990-21586-MQ,Gardy Dimitriou,United States,Yes,E-L-0.2,Exc,L,4.455,0.49005,6
AWH-16980-469,5/11/2020,27493-46921-TZ,Fanny Flanagan,United States,No,L-M-0.2,Lib,M,4.365,0.56745,6
ZPW-31329-741,6/8/2019,27132-68907-RC,Ailey Brash,United States,Yes,R-D-1,Rob,D,8.95,0.537,6
ZPW-31329-741,6/8/2019,27132-68907-RC,Ailey Brash,United States,Yes,E-M-2.5,Exc,M,31.625,3.47875,4
ZPW-31329-741,6/8/2019,27132-68907-RC,Ailey Brash,United States,Yes,E-M-0.2,Exc,M,4.125,0.45375,1
UBI-83843-396,10/9/2019,58816-74064-TF,Nanny Izhakov,United Kingdom,No,R-L-1,Rob,L,11.95,0.717,2
VID-40587-569,2/20/2021,09818-59895-EH,Stanly Keets,United States,Yes,E-D-2.5,Exc,D,27.945,3.07395,5
KBB-52530-416,11/21/2019,06488-46303-IZ,Orion Dyott,United States,Yes,L-D-2.5,Lib,D,29.785,3.87205,2
ISJ-48676-420,10/10/2021,93046-67561-AY,Keefer Cake,United States,No,L-L-0.5,Lib,L,9.51,1.2363,6
MIF-17920-768,8/5/2021,68946-40750-LK,Morna Hansed,Ireland,Yes,R-L-0.2,Rob,L,3.585,0.2151,6
CPX-19312-088,7/31/2020,38387-64959-WW,Franny Kienlein,Ireland,Yes,L-M-0.5,Lib,M,8.73,1.1349,6
RXI-67978-260,9/19/2020,48418-60841-CC,Klarika Egglestone,Ireland,No,E-D-1,Exc,D,12.15,1.3365,6
LKE-14821-285,5/3/2020,13736-92418-JS,Becky Semkins,Ireland,Yes,R-M-0.2,Rob,M,2.985,0.1791,5
LRK-97117-150,7/8/2019,33000-22405-LO,Sean Lorenzetti,United States,No,L-L-1,Lib,L,15.85,2.0605,6
IGK-51227-573,10/26/2019,46959-60474-LT,Bob Giannazzi,United States,No,L-D-0.5,Lib,D,7.77,1.0101,2
ZAY-43009-775,9/27/2020,73431-39823-UP,Kendra Backshell,United States,No,L-D-0.2,Lib,D,3.885,0.50505,6
EMA-63190-618,2/28/2022,90993-98984-JK,Uriah Lethbrig,United States,Yes,E-M-0.2,Exc,M,4.125,0.45375,1
FBI-35855-418,9/16/2020,06552-04430-AG,Sky Farnish,United Kingdom,No,R-M-0.5,Rob,M,5.97,0.3582,6
TXB-80533-417,10/28/2020,54597-57004-QM,Felicia Jecock,United States,No,L-L-1,Lib,L,15.85,2.0605,2
MBM-00112-248,9/2/2019,50238-24377-ZS,Currey MacAllister,United States,Yes,L-L-1,Lib,L,15.85,2.0605,5
EUO-69145-988,8/30/2021,60370-41934-IF,Hamlen Pallister,United States,No,E-D-0.2,Exc,D,3.645,0.40095,3
GYA-80327-368,6/4/2021,06899-54551-EH,Chantal Mersh,Ireland,No,A-D-1,Ara,D,9.95,0.8955,4
TNW-41601-420,11/24/2020,66458-91190-YC,Marja Urion,Ireland,Yes,R-M-1,Rob,M,9.95,0.597,5
ALR-62963-723,6/21/2020,80463-43913-WZ,Malynda Purbrick,Ireland,Yes,R-D-0.2,Rob,D,2.685,0.1611,3
JIG-27636-870,7/13/2020,67204-04870-LG,Alf Housaman,United States,No,R-L-1,Rob,L,11.95,0.717,4
CTE-31437-326,1/2/2019,22721-63196-UJ,Gladi Ducker,United Kingdom,No,R-M-0.2,Rob,M,2.985,0.1791,4
CTE-31437-326,1/2/2019,22721-63196-UJ,Gladi Ducker,United Kingdom,No,E-M-0.2,Exc,M,4.125,0.45375,4
CTE-31437-326,1/2/2019,22721-63196-UJ,Gladi Ducker,United Kingdom,No,L-D-1,Lib,D,12.95,1.6835,4
CTE-31437-326,1/2/2019,22721-63196-UJ,Gladi Ducker,United Kingdom,No,L-L-0.2,Lib,L,4.755,0.61815,3
SLD-63003-334,2/17/2022,55515-37571-RS,Wain Stearley,United States,No,L-M-0.2,Lib,M,4.365,0.56745,6
BXN-64230-789,12/19/2020,25598-77476-CB,Diane-marie Wincer,United States,Yes,A-L-1,Ara,L,12.95,1.1655,2
XEE-37895-169,2/20/2019,14888-85625-TM,Perry Lyfield,United States,Yes,A-L-2.5,Ara,L,29.785,2.68065,3
ZTX-80764-911,1/14/2021,92793-68332-NR,Heall Perris,Ireland,No,L-D-0.5,Lib,D,7.77,1.0101,6
WVT-88135-549,11/16/2019,66458-91190-YC,Marja Urion,Ireland,Yes,A-D-1,Ara,D,9.95,0.8955,3
IPA-94170-889,12/4/2019,64439-27325-LG,Camellia Kid,Ireland,Yes,R-L-0.2,Rob,L,3.585,0.2151,3
YQL-63755-365,7/31/2020,78570-76770-LB,Carolann Beine,United States,Yes,A-M-0.2,Ara,M,3.375,0.30375,4
RKW-81145-984,3/11/2019,98661-69719-VI,Celia Bakeup,United States,No,L-L-1,Lib,L,15.85,2.0605,3
MBT-23379-866,5/10/2022,82990-92703-IX,Nataniel Helkin,United States,No,L-L-1,Lib,L,15.85,2.0605,5
GEJ-39834-935,12/25/2021,49412-86877-VY,Pippo Witherington,United States,Yes,L-M-0.2,Lib,M,4.365,0.56745,6
KRW-91640-596,4/22/2022,70879-00984-FJ,Tildie Tilzey,United States,No,R-L-0.5,Rob,L,7.17,0.4302,3
AOT-70449-651,6/11/2022,53414-73391-CR,Cindra Burling,United States,Yes,R-D-2.5,Rob,D,20.585,1.2351,5
DGC-21813-731,4/27/2022,43606-83072-OA,Channa Belamy,United States,No,L-D-0.2,Lib,D,3.885,0.50505,2
JBE-92943-643,12/29/2020,84466-22864-CE,Karl Imorts,United States,No,E-D-2.5,Exc,D,27.945,3.07395,5
ZIL-34948-499,7/14/2020,66458-91190-YC,Marja Urion,Ireland,Yes,A-D-0.5,Ara,D,5.97,0.5373,2
JSU-23781-256,9/7/2021,76499-89100-JQ,Mag Armistead,United States,No,L-D-0.2,Lib,D,3.885,0.50505,1
JSU-23781-256,9/7/2021,76499-89100-JQ,Mag Armistead,United States,No,R-M-1,Rob,M,9.95,0.597,4
VPX-44956-367,6/9/2019,39582-35773-ZJ,Vasili Upstone,United States,No,R-M-0.5,Rob,M,5.97,0.3582,5
VTB-46451-959,10/25/2020,66240-46962-IO,Berty Beelby,Ireland,No,L-D-2.5,Lib,D,29.785,3.87205,1
DNZ-11665-950,2/28/2021,10637-45522-ID,Erny Stenyng,United States,No,L-L-2.5,Lib,L,36.455,4.73915,2
ITR-54735-364,7/26/2020,92599-58687-CS,Edin Yantsurev,United States,Yes,R-D-0.2,Rob,D,2.685,0.1611,5
YDS-02797-307,6/5/2022,06058-48844-PI,Webb Speechly,United States,Yes,E-M-2.5,Exc,M,31.625,3.47875,4
BPG-68988-842,2/21/2019,53631-24432-SY,Irvine Phillpot,United Kingdom,No,E-M-0.5,Exc,M,8.25,0.9075,5
XZG-51938-658,4/5/2020,18275-73980-KL,Lem Pennacci,United States,No,E-L-0.5,Exc,L,8.91,0.9801,6
KAR-24978-271,1/10/2019,23187-65750-HZ,Starr Arpin,United States,No,R-M-1,Rob,M,9.95,0.597,6
FQK-28730-361,4/12/2022,22725-79522-GP,Donny Fries,United States,No,R-M-1,Rob,M,9.95,0.597,6
BGB-67996-089,1/30/2022,06279-72603-JE,Rana Sharer,United States,No,R-D-1,Rob,D,8.95,0.537,5
XMC-20620-809,5/14/2021,83543-79246-ON,Nannie Naseby,United States,Yes,E-M-0.5,Exc,M,8.25,0.9075,2
ZSO-58292-191,6/12/2022,66794-66795-VW,Rea Offell,United States,No,R-D-0.5,Rob,D,5.37,0.3222,4
LWJ-06793-303,1/2/2022,95424-67020-AP,Kris O'Cullen,Ireland,Yes,R-M-2.5,Rob,M,22.885,1.3731,2
FLM-82229-989,1/24/2022,73017-69644-MS,Timoteo Glisane,Ireland,No,L-L-0.2,Lib,L,4.755,0.61815,2
CPV-90280-133,3/20/2019,66458-91190-YC,Marja Urion,Ireland,Yes,R-D-0.2,Rob,D,2.685,0.1611,3
OGW-60685-912,11/21/2020,67423-10113-LM,Hildegarde Brangan,United States,Yes,E-D-2.5,Exc,D,27.945,3.07395,4
DEC-11160-362,10/13/2021,48582-05061-RY,Amii Gallyon,United States,Yes,R-D-0.2,Rob,D,2.685,0.1611,4
WCT-07869-499,10/19/2021,32031-49093-KE,Birgit Domange,United States,No,R-D-0.5,Rob,D,5.37,0.3222,5
FHD-89872-325,4/29/2019,31715-98714-OO,Killian Osler,United States,Yes,L-L-1,Lib,L,15.85,2.0605,4
AZF-45991-584,10/12/2019,73759-17258-KA,Lora Dukes,Ireland,Yes,A-D-2.5,Ara,D,22.885,2.05965,1
MDG-14481-513,5/19/2021,64897-79178-MH,Zack Pellett,United States,No,A-M-2.5,Ara,M,25.875,2.32875,4
OFN-49424-848,7/3/2021,73346-85564-JB,Ilaire Sprakes,United States,No,R-L-2.5,Rob,L,27.485,1.6491,2
NFA-03411-746,2/8/2020,07476-13102-NJ,Heda Fromant,United States,No,A-L-0.5,Ara,L,7.77,0.6993,2
CYM-74988-450,10/16/2020,87223-37422-SK,Rufus Flear,United Kingdom,No,L-D-0.2,Lib,D,3.885,0.50505,4
WTV-24996-658,10/23/2020,57837-15577-YK,Dom Milella,Ireland,No,E-D-2.5,Exc,D,27.945,3.07395,3
DSL-69915-544,3/10/2021,10142-55267-YO,Wilek Lightollers,United States,Yes,R-L-0.2,Rob,L,3.585,0.2151,3
NBT-35757-542,7/7/2021,73647-66148-VM,Bette-ann Munden,United States,Yes,E-L-0.2,Exc,L,4.455,0.49005,3
OYU-25085-528,2/5/2021,10142-55267-YO,Wilek Lightollers,United States,Yes,E-L-0.2,Exc,L,4.455,0.49005,4
XCG-07109-195,12/11/2020,92976-19453-DT,Nick Brakespear,United States,Yes,L-D-0.2,Lib,D,3.885,0.50505,6
YZA-25234-630,5/13/2022,89757-51438-HX,Malynda Glawsop,United States,No,E-D-0.2,Exc,D,3.645,0.40095,2
OKU-29966-417,10/23/2019,76192-13390-HZ,Granville Alberts,United Kingdom,Yes,E-L-0.2,Exc,L,4.455,0.49005,4
MEX-29350-659,9/11/2020,02009-87294-SY,Vasily Polglase,United States,No,E-M-1,Exc,M,13.75,1.5125,5
NOY-99738-977,9/29/2019,82872-34456-LJ,Madelaine Sharples,United Kingdom,Yes,R-L-2.5,Rob,L,27.485,1.6491,2
TCR-01064-030,3/3/2021,13181-04387-LI,Sigfrid Busch,Ireland,No,E-M-1,Exc,M,13.75,1.5125,6
YUL-42750-776,11/23/2021,24845-36117-TI,Cissiee Raisbeck,United States,Yes,L-M-0.2,Lib,M,4.365,0.56745,2
XQJ-86887-506,11/6/2021,66458-91190-YC,Marja Urion,Ireland,Yes,E-L-1,Exc,L,14.85,1.6335,4
CUN-90044-279,1/29/2021,86646-65810-TD,Kenton Wetherick,United States,Yes,L-D-0.2,Lib,D,3.885,0.50505,4
ICC-73030-502,4/16/2022,59480-02795-IU,Reamonn Aynold,United States,Yes,A-L-1,Ara,L,12.95,1.1655,3
ADP-04506-084,7/24/2021,61809-87758-LJ,Hatty Dovydenas,United States,Yes,E-M-2.5,Exc,M,31.625,3.47875,6
PNU-22150-408,8/11/2019,77408-43873-RS,Nathaniel Bloxland,Ireland,Yes,A-D-0.2,Ara,D,2.985,0.26865,6
VSQ-07182-513,7/23/2019,18366-65239-WF,Brendan Grece,United Kingdom,No,L-L-0.2,Lib,L,4.755,0.61815,6
SPF-31673-217,6/9/2020,19485-98072-PS,Don Flintiff,United Kingdom,No,E-M-1,Exc,M,13.75,1.5125,6
NEX-63825-598,2/22/2020,72072-33025-SD,Abbe Thys,United States,No,R-L-0.5,Rob,L,7.17,0.4302,2
XPG-66112-335,7/19/2020,58118-22461-GC,Jackquelin Chugg,United States,No,R-D-2.5,Rob,D,20.585,1.2351,4
NSQ-72210-345,9/20/2021,90940-63327-DJ,Audra Kelston,United States,Yes,A-M-0.2,Ara,M,3.375,0.30375,6
XRR-28376-277,5/2/2021,64481-42546-II,Elvina Angel,Ireland,No,R-L-2.5,Rob,L,27.485,1.6491,6
WHQ-25197-475,11/26/2021,27536-28463-NJ,Claiborne Mottram,United States,Yes,L-L-0.2,Lib,L,4.755,0.61815,4
HMB-30634-745,2/18/2020,19485-98072-PS,Don Flintiff,United Kingdom,No,A-D-2.5,Ara,D,22.885,2.05965,6
XTL-68000-371,4/7/2020,70140-82812-KD,Donalt Sangwin,United States,No,A-M-0.5,Ara,M,6.75,0.6075,4
YES-51109-625,1/31/2022,91895-55605-LS,Elizabet Aizikowitz,United Kingdom,No,E-L-0.5,Exc,L,8.91,0.9801,4
EAY-89850-211,2/19/2019,43155-71724-XP,Herbie Peppard,United States,Yes,A-D-0.2,Ara,D,2.985,0.26865,2
IOQ-84840-827,11/12/2019,32038-81174-JF,Cornie Venour,United States,No,A-M-1,Ara,M,11.25,1.0125,6
FBD-56220-430,5/16/2022,59205-20324-NB,Maggy Harby,United States,Yes,R-L-0.2,Rob,L,3.585,0.2151,6
COV-52659-202,2/12/2021,99899-54612-NX,Reggie Thickpenny,United States,No,L-M-2.5,Lib,M,33.465,4.35045,2
YUO-76652-814,4/4/2021,26248-84194-FI,Phyllys Ormerod,United States,No,A-D-0.2,Ara,D,2.985,0.26865,6
PBT-36926-102,8/2/2021,19485-98072-PS,Don Flintiff,United Kingdom,No,L-M-1,Lib,M,14.55,1.8915,4
BLV-60087-454,6/8/2022,84493-71314-WX,Tymon Zanetti,Ireland,No,E-L-0.2,Exc,L,4.455,0.49005,3
BLV-60087-454,6/8/2022,84493-71314-WX,Tymon Zanetti,Ireland,No,A-M-0.5,Ara,M,6.75,0.6075,5
QYC-63914-195,5/14/2020,39789-43945-IV,Reinaldos Kirtley,United States,Yes,E-L-1,Exc,L,14.85,1.6335,3
OIB-77163-890,12/25/2020,38972-89678-ZM,Carney Clemencet,United Kingdom,Yes,E-L-0.5,Exc,L,8.91,0.9801,5
SGS-87525-238,7/5/2021,91465-84526-IJ,Russell Donet,United States,No,E-D-1,Exc,D,12.15,1.3365,5
GQR-12490-152,3/14/2019,22832-98538-RB,Sidney Gawen,United States,Yes,R-L-0.2,Rob,L,3.585,0.2151,1
UOJ-28238-299,3/7/2021,30844-91890-ZA,Rickey Readie,United States,No,R-L-0.2,Rob,L,3.585,0.2151,6
ETD-58130-674,11/5/2021,05325-97750-WP,Cody Verissimo,United Kingdom,Yes,E-M-0.5,Exc,M,8.25,0.9075,2
UPF-60123-025,2/6/2020,88992-49081-AT,Zilvia Claisse,United States,No,R-L-2.5,Rob,L,27.485,1.6491,3
NQS-01613-687,3/12/2021,10204-31464-SA,Bar O' Mahony,United States,Yes,L-D-0.5,Lib,D,7.77,1.0101,1
MGH-36050-573,8/3/2020,75156-80911-YT,Valenka Stansbury,United States,Yes,R-M-0.5,Rob,M,5.97,0.3582,2
UVF-59322-459,7/25/2019,53971-49906-PZ,Daniel Heinonen,United States,No,E-L-2.5,Exc,L,34.155,3.75705,6
VET-41158-896,4/29/2020,10728-17633-ST,Jewelle Shenton,United States,Yes,E-M-2.5,Exc,M,31.625,3.47875,2
XYL-52196-459,5/2/2019,13549-65017-VE,Jennifer Wilkisson,United States,Yes,R-D-0.2,Rob,D,2.685,0.1611,3
BPZ-51283-916,8/29/2021,87688-42420-TO,Kylie Mowat,United States,No,A-M-2.5,Ara,M,25.875,2.32875,2
VQW-91903-926,3/13/2020,05325-97750-WP,Cody Verissimo,United Kingdom,Yes,E-D-2.5,Exc,D,27.945,3.07395,1
OLF-77983-457,2/16/2019,51901-35210-UI,Gabriel Starcks,United States,No,A-L-2.5,Ara,L,29.785,2.68065,2
MVI-04946-827,11/27/2021,62483-50867-OM,Darby Dummer,United Kingdom,No,E-L-1,Exc,L,14.85,1.6335,1
UOG-94188-104,11/23/2021,92753-50029-SD,Kienan Scholard,United States,No,A-M-0.5,Ara,M,6.75,0.6075,5
DSN-15872-519,12/2/2021,53809-98498-SN,Bo Kindley,United States,Yes,L-L-2.5,Lib,L,36.455,4.73915,4
OUQ-73954-002,1/6/2019,66308-13503-KD,Krissie Hammett,United States,Yes,R-M-0.2,Rob,M,2.985,0.1791,4
LGL-16843-667,5/5/2021,82458-87830-JE,Alisha Hulburt,United States,Yes,A-D-0.2,Ara,D,2.985,0.26865,4
TCC-89722-031,10/23/2021,41611-34336-WT,Peyter Lauritzen,United States,No,L-D-0.5,Lib,D,7.77,1.0101,1
TRA-79507-007,12/16/2019,70089-27418-UJ,Aurelia Burgwin,United States,Yes,R-L-2.5,Rob,L,27.485,1.6491,4
MZJ-77284-941,5/18/2019,99978-56910-BN,Emalee Rolin,United States,Yes,E-L-0.2,Exc,L,4.455,0.49005,5
AXN-57779-891,7/14/2019,09668-23340-IC,Donavon Fowle,United States,No,R-M-0.2,Rob,M,2.985,0.1791,3
PJB-15659-994,11/13/2020,39457-62611-YK,Jorge Bettison,Ireland,No,L-D-2.5,Lib,D,29.785,3.87205,4
LTS-03470-353,7/16/2020,90985-89807-RW,Wang Powlesland,United States,Yes,A-L-2.5,Ara,L,29.785,2.68065,5
UMM-28497-689,11/3/2020,05325-97750-WP,Cody Verissimo,United Kingdom,Yes,L-L-2.5,Lib,L,36.455,4.73915,3
MJZ-93232-402,3/20/2022,17816-67941-ZS,Laurence Ellingham,United States,Yes,E-D-0.2,Exc,D,3.645,0.40095,1
UHW-74617-126,2/16/2022,90816-65619-LM,Billy Neiland,United States,No,E-D-2.5,Exc,D,27.945,3.07395,2
RIK-61730-794,11/12/2020,69761-61146-KD,Ancell Fendt,United States,Yes,L-M-0.2,Lib,M,4.365,0.56745,6
IDJ-55379-750,10/5/2019,24040-20817-QB,Angelia Cleyburn,United States,No,R-M-1,Rob,M,9.95,0.597,4
OHX-11953-965,10/1/2019,19524-21432-XP,Temple Castiglione,United States,No,E-L-2.5,Exc,L,34.155,3.75705,2
TVV-42245-088,3/6/2020,14398-43114-RV,Betti Lacasa,Ireland,No,A-M-0.2,Ara,M,3.375,0.30375,4
DYP-74337-787,10/23/2019,41486-52502-QQ,Gunilla Lynch,United States,No,R-M-0.5,Rob,M,5.97,0.3582,1
OKA-93124-100,4/23/2020,05325-97750-WP,Cody Verissimo,United Kingdom,Yes,R-M-0.5,Rob,M,5.97,0.3582,5
IXW-20780-268,6/24/2020,20236-64364-QL,Shay Couronne,United States,Yes,L-L-2.5,Lib,L,36.455,4.73915,2
NGG-24006-937,3/16/2021,29102-40100-TZ,Linus Flippelli,United Kingdom,No,E-M-2.5,Exc,M,31.625,3.47875,4
JZC-31180-557,4/7/2020,09171-42203-EB,Rachelle Elizabeth,United States,No,L-M-2.5,Lib,M,33.465,4.35045,1
ZMU-63715-204,9/30/2021,29060-75856-UI,Innis Renhard,United States,Yes,E-D-1,Exc,D,12.15,1.3365,6
GND-08192-056,5/1/2022,17088-16989-PL,Winne Roche,United States,Yes,L-D-0.5,Lib,D,7.77,1.0101,2
RYY-38961-093,1/21/2021,14756-18321-CL,Linn Alaway,United States,No,A-M-0.2,Ara,M,3.375,0.30375,6
CVA-64996-969,6/24/2020,13324-78688-MI,Cordy Odgaard,United States,No,A-L-1,Ara,L,12.95,1.1655,6
XTH-67276-442,3/3/2019,73799-04749-BM,Bertine Byrd,United States,No,L-M-2.5,Lib,M,33.465,4.35045,4
PVU-02950-470,1/28/2021,01927-46702-YT,Nelie Garnson,United Kingdom,No,E-D-1,Exc,D,12.15,1.3365,1
XSN-26809-910,6/28/2020,80467-17137-TO,Dianne Chardin,Ireland,Yes,E-M-2.5,Exc,M,31.625,3.47875,2
UDN-88321-005,7/5/2020,14640-87215-BK,Hailee Radbone,United States,No,R-L-0.5,Rob,L,7.17,0.4302,5
EXP-21628-670,3/2/2019,94447-35885-HK,Wallis Bernth,United States,No,A-M-2.5,Ara,M,25.875,2.32875,3
VGM-24161-361,5/1/2022,71034-49694-CS,Byron Acarson,United States,Yes,E-M-2.5,Exc,M,31.625,3.47875,2
PKN-19556-918,4/29/2022,00445-42781-KX,Faunie Brigham,Ireland,Yes,E-L-0.2,Exc,L,4.455,0.49005,6
PKN-19556-918,4/29/2022,00445-42781-KX,Faunie Brigham,Ireland,Yes,L-D-0.5,Lib,D,7.77,1.0101,4
PKN-19556-918,4/29/2022,00445-42781-KX,Faunie Brigham,Ireland,Yes,A-D-0.2,Ara,D,2.985,0.26865,1
PKN-19556-918,4/29/2022,00445-42781-KX,Faunie Brigham,Ireland,Yes,R-D-2.5,Rob,D,20.585,1.2351,5
DXQ-44537-297,8/6/2020,96116-24737-LV,Marjorie Yoxen,United States,No,E-L-0.5,Exc,L,8.91,0.9801,4
BPC-54727-307,12/21/2019,18684-73088-YL,Gaspar McGavin,United States,No,R-L-1,Rob,L,11.95,0.717,4
KSH-47717-456,4/19/2020,74671-55639-TU,Lindy Uttermare,United States,No,L-M-1,Lib,M,14.55,1.8915,3
ANK-59436-446,1/17/2022,17488-65879-XL,Eal D'Ambrogio,United States,Yes,E-L-0.5,Exc,L,8.91,0.9801,4
AYY-83051-752,1/22/2019,46431-09298-OU,Carolee Winchcombe,United States,Yes,L-L-1,Lib,L,15.85,2.0605,6
CSW-59644-267,2/28/2020,60378-26473-FE,Benedikta Paumier,Ireland,Yes,E-M-2.5,Exc,M,31.625,3.47875,1
ITY-92466-909,8/7/2019,34927-68586-ZV,Neville Piatto,Ireland,Yes,A-M-2.5,Ara,M,25.875,2.32875,3
IGW-04801-466,5/15/2021,29051-27555-GD,Jeno Capey,United States,Yes,L-D-0.2,Lib,D,3.885,0.50505,1
LJN-34281-921,12/17/2021,52143-35672-JF,Tuckie Mathonnet,United States,No,R-L-2.5,Rob,L,27.485,1.6491,5
BWZ-46364-547,9/9/2021,64918-67725-MN,Yardley Basill,United States,Yes,R-L-1,Rob,L,11.95,0.717,3
SBC-95710-706,2/19/2020,85634-61759-ND,Maggy Baistow,United Kingdom,Yes,E-M-0.2,Exc,M,4.125,0.45375,2
WRN-55114-031,6/29/2020,40180-22940-QB,Courtney Pallant,United States,Yes,E-L-2.5,Exc,L,34.155,3.75705,3
TZU-64255-831,5/13/2022,34666-76738-SQ,Marne Mingey,United States,No,R-D-2.5,Rob,D,20.585,1.2351,2
JVF-91003-729,10/2/2020,98536-88616-FF,Denny O' Ronan,United States,Yes,A-D-2.5,Ara,D,22.885,2.05965,3
MVB-22135-665,12/2/2021,55621-06130-SA,Dottie Rallin,United States,Yes,A-D-1,Ara,D,9.95,0.8955,1
CKS-47815-571,11/2/2021,45666-86771-EH,Ardith Chill,United Kingdom,Yes,L-L-0.5,Lib,L,9.51,1.2363,3
OAW-17338-101,2/23/2020,52143-35672-JF,Tuckie Mathonnet,United States,No,R-D-0.2,Rob,D,2.685,0.1611,6
ALP-37623-536,7/3/2020,24689-69376-XX,Charmane Denys,United Kingdom,No,L-L-1,Lib,L,15.85,2.0605,6
WMU-87639-108,2/11/2019,71891-51101-VQ,Cecily Stebbings,United States,Yes,R-D-0.5,Rob,D,5.37,0.3222,1
USN-44968-231,9/10/2020,71749-05400-CN,Giana Tonnesen,United States,No,R-L-1,Rob,L,11.95,0.717,4
YZG-20575-451,3/2/2020,64845-00270-NO,Rhetta Zywicki,Ireland,No,L-L-1,Lib,L,15.85,2.0605,4
HTH-52867-812,6/28/2021,29851-36402-UX,Almeria Burgett,United States,No,A-M-2.5,Ara,M,25.875,2.32875,4
FWU-44971-444,1/11/2019,12190-25421-WM,Marvin Malloy,United States,No,A-D-2.5,Ara,D,22.885,2.05965,3
EQI-82205-066,9/20/2019,52316-30571-GD,Maxim McParland,United States,Yes,R-M-2.5,Rob,M,22.885,1.3731,2
NAR-00747-074,10/16/2021,23243-92649-RY,Sylas Jennaroy,United States,No,L-D-1,Lib,D,12.95,1.6835,4
JYR-22052-185,1/1/2020,39528-19971-OR,Wren Place,United States,Yes,A-M-0.5,Ara,M,6.75,0.6075,2
XKO-54097-932,3/10/2022,32743-78448-KT,Janella Millett,United States,Yes,E-M-0.5,Exc,M,8.25,0.9075,3
HXA-72415-025,5/12/2022,93417-12322-YB,Dollie Gadsden,Ireland,Yes,A-D-2.5,Ara,D,22.885,2.05965,2
MJF-20065-335,9/10/2020,56891-86662-UY,Val Wakelin,United States,No,E-L-0.5,Exc,L,8.91,0.9801,6
GFI-83300-059,10/16/2021,40414-26467-VE,Annie Campsall,United States,Yes,A-M-0.2,Ara,M,3.375,0.30375,6
WJR-51493-682,6/17/2021,87858-83734-RK,Shermy Moseby,United States,No,L-D-2.5,Lib,D,29.785,3.87205,5
SHP-55648-472,3/30/2019,46818-20198-GB,Corrie Wass,United States,No,A-M-1,Ara,M,11.25,1.0125,6
HYR-03455-684,12/19/2021,29808-89098-XD,Ira Sjostrom,United States,No,E-D-1,Exc,D,12.15,1.3365,6
HYR-03455-684,12/19/2021,29808-89098-XD,Ira Sjostrom,United States,No,L-D-0.2,Lib,D,3.885,0.50505,2
HUG-52766-375,6/5/2020,78786-77449-RQ,Jermaine Branchett,United States,No,A-D-2.5,Ara,D,22.885,2.05965,4
DAH-46595-917,9/12/2021,27878-42224-QF,Nissie Rudland,Ireland,No,A-D-1,Ara,D,9.95,0.8955,6
VEM-79839-466,3/16/2022,32743-78448-KT,Janella Millett,United States,Yes,R-L-2.5,Rob,L,27.485,1.6491,5
OWH-11126-533,12/21/2021,25331-13794-SB,Ferdie Tourry,United States,No,L-M-2.5,Lib,M,33.465,4.35045,2
UMT-26130-151,5/21/2019,55864-37682-GQ,Cecil Weatherall,United States,Yes,L-M-0.2,Lib,M,4.365,0.56745,3
JKA-27899-806,10/26/2021,97005-25609-CQ,Gale Heindrick,United States,No,R-L-1,Rob,L,11.95,0.717,5
ULU-07744-724,3/26/2020,94058-95794-IJ,Layne Imason,United States,Yes,L-M-0.5,Lib,M,8.73,1.1349,5
NOM-56457-507,10/14/2020,40214-03678-GU,Hazel Saill,United States,Yes,E-M-1,Exc,M,13.75,1.5125,6
NZN-71683-705,12/13/2021,04921-85445-SL,Hermann Larvor,United States,Yes,A-L-2.5,Ara,L,29.785,2.68065,6
WMA-34232-850,3/8/2021,53386-94266-LJ,Terri Lyford,United States,Yes,L-D-2.5,Lib,D,29.785,3.87205,4
EZL-27919-704,1/21/2021,49480-85909-DG,Gabey Cogan,United States,No,L-L-0.5,Lib,L,9.51,1.2363,5
ZYU-11345-774,1/10/2021,18293-78136-MN,Charin Penwarden,Ireland,No,L-M-0.5,Lib,M,8.73,1.1349,5
CPW-34587-459,3/26/2021,84641-67384-TD,Milty Middis,United States,Yes,A-L-2.5,Ara,L,29.785,2.68065,6
NQZ-82067-394,3/25/2022,72320-29738-EB,Adrianne Vairow,United Kingdom,No,R-L-2.5,Rob,L,27.485,1.6491,1
JBW-95055-851,7/22/2021,47355-97488-XS,Anjanette Goldie,United States,No,A-M-1,Ara,M,11.25,1.0125,5
AHY-20324-088,9/6/2020,63499-24884-PP,Nicky Ayris,United Kingdom,Yes,L-L-0.2,Lib,L,4.755,0.61815,2
ZSL-66684-103,12/28/2019,39193-51770-FM,Laryssa Benediktovich,United States,Yes,E-M-0.2,Exc,M,4.125,0.45375,2
WNE-73911-475,4/20/2020,61323-91967-GG,Theo Jacobovitz,United States,No,L-D-0.5,Lib,D,7.77,1.0101,6
EZB-68383-559,2/21/2019,90123-01967-KS,Becca Ableson,United States,No,R-L-1,Rob,L,11.95,0.717,6
OVO-01283-090,3/17/2022,15958-25089-OS,Jeno Druitt,United States,Yes,L-L-2.5,Lib,L,36.455,4.73915,2
TXH-78646-919,5/14/2021,98430-37820-UV,Deonne Shortall,United States,Yes,R-D-0.2,Rob,D,2.685,0.1611,3
CYZ-37122-164,1/6/2019,21798-04171-XC,Wilton Cottier,United States,No,E-M-0.5,Exc,M,8.25,0.9075,2
AGQ-06534-750,4/24/2019,52798-46508-HP,Kevan Grinsted,Ireland,No,A-L-1,Ara,L,12.95,1.1655,5
QVL-32245-818,5/30/2021,46478-42970-EM,Dionne Skyner,United States,No,A-M-0.5,Ara,M,6.75,0.6075,5
LTD-96842-834,7/12/2022,00246-15080-LE,Francesco Dressel,United States,No,L-D-2.5,Lib,D,29.785,3.87205,6
SEC-91807-425,1/31/2021,94091-86957-HX,Jimmy Dymoke,Ireland,No,A-M-1,Ara,M,11.25,1.0125,2
MHM-44857-599,9/12/2019,26295-44907-DK,Ambrosio Weinmann,United States,No,L-D-1,Lib,D,12.95,1.6835,1
KGC-95046-911,6/30/2020,95351-96177-QV,Elden Andriessen,United States,Yes,A-M-2.5,Ara,M,25.875,2.32875,2
RZC-75150-413,3/25/2020,92204-96636-BS,Roxie Deaconson,United States,No,E-D-0.5,Exc,D,7.29,0.8019,5
EYH-88288-452,4/14/2021,03010-30348-UA,Davida Caro,United States,Yes,L-L-2.5,Lib,L,36.455,4.73915,5
NYQ-24237-772,8/16/2019,13441-34686-SW,Johna Bluck,United States,No,L-D-0.5,Lib,D,7.77,1.0101,4
WKB-21680-566,12/17/2021,96612-41722-VJ,Myrle Dearden,Ireland,No,A-M-0.5,Ara,M,6.75,0.6075,3
THE-61147-027,12/31/2019,94091-86957-HX,Jimmy Dymoke,Ireland,No,L-D-1,Lib,D,12.95,1.6835,2
PTY-86420-119,4/12/2021,25504-41681-WA,Orland Tadman,United States,Yes,A-D-0.5,Ara,D,5.97,0.5373,4
QHL-27188-431,9/28/2019,75443-07820-DZ,Barrett Gudde,United States,No,L-L-0.5,Lib,L,9.51,1.2363,2
MIS-54381-047,6/15/2022,39276-95489-XV,Nathan Sictornes,Ireland,Yes,A-D-0.5,Ara,D,5.97,0.5373,5
TBB-29780-459,7/15/2019,61437-83623-PZ,Vivyan Dunning,United States,Yes,A-L-0.5,Ara,L,7.77,0.6993,1
QLC-52637-305,2/10/2019,34317-87258-HQ,Doralin Baison,Ireland,Yes,L-D-2.5,Lib,D,29.785,3.87205,4
CWT-27056-328,6/4/2022,18570-80998-ZS,Josefina Ferens,United States,Yes,E-D-0.2,Exc,D,3.645,0.40095,6
ASS-05878-128,10/10/2020,66580-33745-OQ,Shelley Gehring,United States,No,E-L-0.5,Exc,L,8.91,0.9801,2
EGK-03027-418,6/6/2021,19820-29285-FD,Barrie Fallowes,United States,No,E-M-0.2,Exc,M,4.125,0.45375,3
KCY-61732-849,3/16/2019,11349-55147-SN,Nicolas Aiton,Ireland,No,L-D-1,Lib,D,12.95,1.6835,2
BLI-21697-702,12/5/2019,21141-12455-VB,Shelli De Banke,United States,Yes,A-M-0.5,Ara,M,6.75,0.6075,2
KFJ-46568-890,1/20/2019,71003-85639-HB,Lyell Murch,United States,Yes,E-L-0.5,Exc,L,8.91,0.9801,2
SOK-43535-680,4/4/2022,58443-95866-YO,Stearne Count,United States,No,E-M-0.5,Exc,M,8.25,0.9075,3
XUE-87260-201,2/8/2022,89646-21249-OH,Selia Ragles,United States,No,R-M-0.2,Rob,M,2.985,0.1791,6
CZF-40873-691,6/30/2019,64988-20636-XQ,Silas Deehan,United Kingdom,No,E-M-0.5,Exc,M,8.25,0.9075,2
AIA-98989-755,5/9/2020,34704-83143-KS,Sacha Bruun,United States,No,R-M-0.2,Rob,M,2.985,0.1791,1
ITZ-21793-986,6/11/2021,67388-17544-XX,Alon Pllu,Ireland,Yes,E-D-0.2,Exc,D,3.645,0.40095,4
YOK-93322-608,11/4/2021,69411-48470-ID,Gilberto Cornier,United States,No,E-L-1,Exc,L,14.85,1.6335,6
LXK-00634-611,2/20/2022,94091-86957-HX,Jimmy Dymoke,Ireland,No,R-L-1,Rob,L,11.95,0.717,3
CQW-37388-302,7/3/2019,97741-98924-KT,Willabella Harvison,United States,No,A-D-2.5,Ara,D,22.885,2.05965,3
SPA-79365-334,6/1/2021,79857-78167-KO,Darice Heaford,United States,No,L-D-1,Lib,D,12.95,1.6835,3
VPX-08817-517,11/15/2020,46963-10322-ZA,Granger Fantham,United States,Yes,L-L-1,Lib,L,15.85,2.0605,5
PBP-87115-410,1/19/2021,93812-74772-MV,Reynolds Crookshanks,United States,Yes,E-D-0.5,Exc,D,7.29,0.8019,5
SFB-93752-440,10/10/2021,48203-23480-UB,Niels Leake,United States,Yes,R-M-0.2,Rob,M,2.985,0.1791,3
TBU-65158-068,2/28/2022,60357-65386-RD,Hetti Measures,United States,No,E-D-1,Exc,D,12.15,1.3365,2
TEH-08414-216,10/1/2021,35099-13971-JI,Gay Eilhersen,United States,No,E-M-2.5,Exc,M,31.625,3.47875,2
MAY-77231-536,9/2/2020,01304-59807-OB,Nico Hubert,United States,Yes,A-M-0.2,Ara,M,3.375,0.30375,2
ATY-28980-884,7/31/2020,50705-17295-NK,Cristina Aleixo,United States,No,A-L-0.2,Ara,L,3.885,0.34965,6
SWP-88281-918,1/10/2022,77657-61366-FY,Derrek Allpress,United States,No,L-L-2.5,Lib,L,36.455,4.73915,4
VCE-56531-986,3/9/2021,57192-13428-PL,Rikki Tomkowicz,Ireland,Yes,R-M-0.5,Rob,M,5.97,0.3582,5
FVV-75700-005,11/20/2020,24891-77957-LU,Rochette Huscroft,United States,Yes,E-D-0.5,Exc,D,7.29,0.8019,3
CFZ-53492-600,3/14/2022,64896-18468-BT,Selle Scurrer,United Kingdom,No,L-M-0.2,Lib,M,4.365,0.56745,1
LDK-71031-121,1/10/2019,84761-40784-SV,Andie Rudram,United States,No,L-L-2.5,Lib,L,36.455,4.73915,1
EBA-82404-343,1/26/2021,20236-42322-CM,Leta Clarricoates,United States,Yes,L-D-0.2,Lib,D,3.885,0.50505,4
USA-42811-560,4/26/2021,49671-11547-WG,Jacquelyn Maha,United States,No,E-L-0.2,Exc,L,4.455,0.49005,2
SNL-83703-516,1/4/2022,57976-33535-WK,Glory Clemon,United States,Yes,L-M-2.5,Lib,M,33.465,4.35045,3
SUZ-83036-175,8/20/2019,55915-19477-MK,Alica Kift,United States,No,R-D-0.2,Rob,D,2.685,0.1611,5
RGM-01187-513,7/15/2022,28121-11641-UA,Babb Pollins,United States,No,E-D-0.2,Exc,D,3.645,0.40095,6
CZG-01299-952,2/12/2019,09540-70637-EV,Jarret Toye,Ireland,Yes,L-D-1,Lib,D,12.95,1.6835,2
KLD-88731-484,9/8/2021,17775-77072-PP,Carlie Linskill,United States,No,A-M-1,Ara,M,11.25,1.0125,5
BQK-38412-229,12/13/2019,90392-73338-BC,Natal Vigrass,United Kingdom,No,R-L-0.2,Rob,L,3.585,0.2151,3
TCX-76953-071,8/25/2021,94091-86957-HX,Jimmy Dymoke,Ireland,No,E-D-0.2,Exc,D,3.645,0.40095,5
LIN-88046-551,3/23/2022,10725-45724-CO,Kandace Cragell,Ireland,No,R-L-0.5,Rob,L,7.17,0.4302,4
PMV-54491-220,4/11/2019,87242-18006-IR,Lyon Ibert,United States,No,L-M-0.2,Lib,M,4.365,0.56745,2
SKA-73676-005,10/29/2020,36572-91896-PP,Reese Lidgey,United States,No,L-M-1,Lib,M,14.55,1.8915,4
TKH-62197-239,7/30/2020,25181-97933-UX,Tersina Castagne,United States,No,A-D-0.5,Ara,D,5.97,0.5373,3
YXF-57218-272,3/15/2019,55374-03175-IA,Samuele Klaaassen,United States,Yes,R-M-0.2,Rob,M,2.985,0.1791,6
PKJ-30083-501,12/27/2021,76948-43532-JS,Jordana Halden,Ireland,No,E-D-0.5,Exc,D,7.29,0.8019,2
WTT-91832-645,10/3/2019,24344-88599-PP,Hussein Olliff,Ireland,No,A-M-1,Ara,M,11.25,1.0125,3
TRZ-94735-865,2/5/2019,54462-58311-YF,Teddi Quadri,Ireland,Yes,L-M-0.5,Lib,M,8.73,1.1349,4
UDB-09651-780,8/31/2020,90767-92589-LV,Felita Eshmade,United States,No,E-D-0.5,Exc,D,7.29,0.8019,2
EHJ-82097-549,1/13/2021,27517-43747-YD,Melodie OIlier,Ireland,Yes,R-D-0.2,Rob,D,2.685,0.1611,2
ZFR-79447-696,3/22/2021,77828-66867-KH,Hazel Iacopini,United States,Yes,R-M-0.5,Rob,M,5.97,0.3582,1
NUU-03893-975,1/17/2020,41054-59693-XE,Vinny Shoebotham,United States,No,L-L-0.5,Lib,L,9.51,1.2363,2
GVG-59542-307,7/2/2019,26314-66792-VP,Bran Sterke,United States,Yes,E-M-1,Exc,M,13.75,1.5125,2
YLY-35287-172,5/23/2022,69410-04668-MA,Simone Capon,United States,No,A-D-0.5,Ara,D,5.97,0.5373,5
DCI-96254-548,6/14/2022,94091-86957-HX,Jimmy Dymoke,Ireland,No,A-D-0.2,Ara,D,2.985,0.26865,6
KHZ-26264-253,7/20/2021,24972-55878-KX,Foster Constance,United States,No,L-L-0.2,Lib,L,4.755,0.61815,6
AAQ-13644-699,6/3/2022,46296-42617-OQ,Fernando Sulman,United States,Yes,R-D-1,Rob,D,8.95,0.537,4
LWL-68108-794,5/26/2020,44494-89923-UW,Dorotea Hollyman,United States,Yes,A-D-0.5,Ara,D,5.97,0.5373,3
JQT-14347-517,7/26/2019,11621-09964-ID,Lorelei Nardoni,United States,No,R-D-1,Rob,D,8.95,0.537,1
BMM-86471-923,10/22/2020,76319-80715-II,Dallas Yarham,United States,Yes,L-D-2.5,Lib,D,29.785,3.87205,1
IXU-67272-326,12/24/2020,91654-79216-IC,Arlana Ferrea,United States,No,E-L-0.5,Exc,L,8.91,0.9801,5
ITE-28312-615,9/6/2019,56450-21890-HK,Chuck Kendrick,United States,Yes,E-L-1,Exc,L,14.85,1.6335,6
ZHQ-30471-635,4/8/2019,40600-58915-WZ,Sharona Danilchik,United Kingdom,No,L-M-0.5,Lib,M,8.73,1.1349,5
LTP-31133-134,1/26/2022,66527-94478-PB,Sarajane Potter,United States,No,A-L-0.5,Ara,L,7.77,0.6993,3
ZVQ-26122-859,11/28/2019,77154-45038-IH,Bobby Folomkin,United States,Yes,A-L-2.5,Ara,L,29.785,2.68065,6
MIU-01481-194,7/21/2019,08439-55669-AI,Rafferty Pursglove,United States,Yes,R-M-1,Rob,M,9.95,0.597,6
MIU-01481-194,7/21/2019,08439-55669-AI,Rafferty Pursglove,United States,Yes,A-L-0.5,Ara,L,7.77,0.6993,2
UEA-72681-629,3/12/2021,24972-55878-KX,Foster Constance,United States,No,A-L-2.5,Ara,L,29.785,2.68065,3
CVE-15042-481,1/1/2022,24972-55878-KX,Foster Constance,United States,No,R-L-1,Rob,L,11.95,0.717,2
EJA-79176-833,3/22/2020,91509-62250-GN,Dalia Eburah,United Kingdom,No,R-M-2.5,Rob,M,22.885,1.3731,6
AHQ-40440-522,9/18/2020,83833-46106-ZC,Martie Brimilcombe,United States,No,A-D-1,Ara,D,9.95,0.8955,1
TID-21626-411,1/3/2019,19383-33606-PW,Suzanna Bollam,United States,No,R-L-0.5,Rob,L,7.17,0.4302,3
RSR-96390-187,9/29/2021,67052-76184-CB,Mellisa Mebes,United States,No,E-M-1,Exc,M,13.75,1.5125,6
BZE-96093-118,10/19/2021,43452-18035-DH,Alva Filipczak,Ireland,No,L-M-0.2,Lib,M,4.365,0.56745,2
LOU-41819-242,7/14/2022,88060-50676-MV,Dorette Hinemoor,United States,Yes,R-M-1,Rob,M,9.95,0.597,2
FND-99527-640,7/19/2021,89574-96203-EP,Rhetta Elnaugh,United States,Yes,E-L-0.5,Exc,L,8.91,0.9801,2
ASG-27179-958,12/10/2021,12607-75113-UV,Jule Deehan,United States,No,A-M-0.5,Ara,M,6.75,0.6075,3
YKX-23510-272,3/17/2019,56991-05510-PR,Janella Eden,United States,No,A-L-2.5,Ara,L,29.785,2.68065,2
FSA-98650-921,2/28/2020,01841-48191-NL,Cam Jewster,United States,Yes,L-L-0.5,Lib,L,9.51,1.2363,2
ZUR-55774-294,6/3/2020,33269-10023-CO,Ugo Southerden,United States,Yes,L-D-1,Lib,D,12.95,1.6835,6
FUO-99821-974,2/22/2020,31245-81098-PJ,Verne Dunkerley,United States,No,E-M-1,Exc,M,13.75,1.5125,3
YVH-19865-819,11/9/2019,08946-56610-IH,Lacee Burtenshaw,United States,No,L-L-2.5,Lib,L,36.455,4.73915,4
NNF-47422-501,3/7/2020,20260-32948-EB,Adorne Gregoratti,Ireland,No,E-L-0.2,Exc,L,4.455,0.49005,6
RJI-71409-490,4/26/2021,31613-41626-KX,Chris Croster,United States,Yes,L-M-0.5,Lib,M,8.73,1.1349,5
UZL-46108-213,11/11/2021,75961-20170-RD,Graeme Whitehead,United States,No,L-L-1,Lib,L,15.85,2.0605,2
AOX-44467-109,6/15/2021,72524-06410-KD,Haslett Jodrelle,United States,No,A-D-2.5,Ara,D,22.885,2.05965,1
TZD-67261-174,2/27/2020,01841-48191-NL,Cam Jewster,United States,Yes,E-D-2.5,Exc,D,27.945,3.07395,1
TBU-64277-625,4/19/2021,98918-34330-GY,Beryl Osborn,United States,Yes,E-M-1,Exc,M,13.75,1.5125,6
TYP-85767-944,7/29/2022,51497-50894-WU,Kaela Nottram,Ireland,Yes,R-M-2.5,Rob,M,22.885,1.3731,2
GTT-73214-334,1/20/2019,98636-90072-YE,Nobe Buney,United States,No,A-L-1,Ara,L,12.95,1.1655,6
WAI-89905-069,2/21/2022,47011-57815-HJ,Silvan McShea,United States,No,A-L-0.5,Ara,L,7.77,0.6993,3
OJL-96844-459,5/3/2020,61253-98356-VD,Karylin Huddart,United States,Yes,L-L-0.2,Lib,L,4.755,0.61815,5
VGI-33205-360,3/21/2019,96762-10814-DA,Jereme Gippes,United Kingdom,Yes,L-M-0.5,Lib,M,8.73,1.1349,6
PCA-14081-576,6/13/2019,63112-10870-LC,Lukas Whittlesee,United States,No,R-L-0.2,Rob,L,3.585,0.2151,5
SCS-67069-962,6/5/2020,21403-49423-PD,Gregorius Trengrove,United States,No,A-L-2.5,Ara,L,29.785,2.68065,5
BDM-03174-485,3/16/2019,29581-13303-VB,Wright Caldero,United States,No,R-L-0.5,Rob,L,7.17,0.4302,4
UJV-32333-364,12/3/2021,86110-83695-YS,Merell Zanazzi,United States,No,L-L-0.5,Lib,L,9.51,1.2363,1
FLI-11493-954,7/9/2022,80454-42225-FT,Jed Kennicott,United States,No,A-L-0.5,Ara,L,7.77,0.6993,4
IWL-13117-537,4/29/2020,29129-60664-KO,Guenevere Ruggen,United States,Yes,R-D-0.2,Rob,D,2.685,0.1611,3
OAM-76916-748,1/27/2022,63025-62939-AN,Gonzales Cicculi,United States,Yes,E-D-1,Exc,D,12.15,1.3365,3
UMB-11223-710,2/13/2021,49012-12987-QT,Man Fright,Ireland,No,R-D-0.2,Rob,D,2.685,0.1611,6
LXR-09892-726,7/13/2020,50924-94200-SQ,Boyce Tarte,United States,Yes,R-D-2.5,Rob,D,20.585,1.2351,2
QXX-89943-393,3/12/2020,15673-18812-IU,Caddric Krzysztofiak,United States,No,R-D-0.2,Rob,D,2.685,0.1611,4
WVS-57822-366,5/4/2020,52151-75971-YY,Darn Penquet,United States,No,E-M-2.5,Exc,M,31.625,3.47875,4
CLJ-23403-689,4/3/2021,19413-02045-CG,Jammie Cloke,United Kingdom,No,R-L-1,Rob,L,11.95,0.717,2
XNU-83276-288,6/1/2022,98185-92775-KT,Chester Clowton,United States,No,R-M-0.5,Rob,M,5.97,0.3582,1
YOG-94666-679,2/14/2021,86991-53901-AT,Kathleen Diable,United Kingdom,Yes,L-D-0.2,Lib,D,3.885,0.50505,2
KHG-33953-115,12/13/2021,78226-97287-JI,Koren Ferretti,Ireland,No,L-D-0.5,Lib,D,7.77,1.0101,3
MHD-95615-696,2/7/2020,27930-59250-JT,Allis Wilmore,United States,No,R-L-2.5,Rob,L,27.485,1.6491,5
HBH-64794-080,2/8/2021,40560-18556-YE,Chaddie Bennie,United States,Yes,R-D-0.2,Rob,D,2.685,0.1611,3
CNJ-56058-223,8/11/2020,40780-22081-LX,Alberta Balsdone,United States,No,L-L-0.5,Lib,L,9.51,1.2363,3
KHO-27106-786,10/10/2020,01603-43789-TN,Brice Romera,Ireland,Yes,A-M-1,Ara,M,11.25,1.0125,6
KHO-27106-786,10/10/2020,01603-43789-TN,Brice Romera,Ireland,Yes,L-D-2.5,Lib,D,29.785,3.87205,6
YAC-50329-982,12/8/2020,75419-92838-TI,Conchita Bryde,United States,Yes,E-M-2.5,Exc,M,31.625,3.47875,1
VVL-95291-039,4/18/2019,96516-97464-MF,Silvanus Enefer,United States,No,E-L-0.2,Exc,L,4.455,0.49005,2
VUT-20974-364,1/4/2021,90285-56295-PO,Lenci Haggerstone,United States,No,R-M-0.5,Rob,M,5.97,0.3582,6
SFC-34054-213,3/10/2019,08100-71102-HQ,Marvin Gundry,Ireland,No,L-L-0.5,Lib,L,9.51,1.2363,4
UDS-04807-593,11/29/2019,84074-28110-OV,Bayard Wellan,United States,No,L-D-0.5,Lib,D,7.77,1.0101,2
FWE-98471-488,7/19/2022,27930-59250-JT,Allis Wilmore,United States,No,L-L-1,Lib,L,15.85,2.0605,5
RAU-17060-674,6/26/2020,12747-63766-EU,Caddric Atcheson,United States,Yes,L-L-0.2,Lib,L,4.755,0.61815,1
AOL-13866-711,2/14/2019,83490-88357-LJ,Eustace Stenton,United States,Yes,E-M-1,Exc,M,13.75,1.5125,4
NOA-79645-377,11/9/2020,53729-30320-XZ,Ericka Tripp,United States,No,R-D-0.5,Rob,D,5.37,0.3222,5
KMS-49214-806,4/30/2019,50384-52703-LA,Lyndsey MacManus,United States,No,E-L-2.5,Exc,L,34.155,3.75705,4
ABK-08091-531,10/30/2020,53864-36201-FG,Tess Benediktovich,United States,Yes,L-L-1,Lib,L,15.85,2.0605,3
GPT-67705-953,11/12/2019,70631-33225-MZ,Correy Bourner,United States,Yes,A-M-0.2,Ara,M,3.375,0.30375,5
JNA-21450-177,2/11/2022,54798-14109-HC,Odelia Skerme,United States,Yes,A-D-1,Ara,D,9.95,0.8955,3
MPQ-23421-608,3/28/2021,08023-52962-ET,Kandy Heddan,United States,Yes,E-M-0.5,Exc,M,8.25,0.9075,5
NLI-63891-565,12/10/2021,41899-00283-VK,Ibby Charters,United States,No,E-M-0.2,Exc,M,4.125,0.45375,5
HHF-36647-854,11/5/2021,39011-18412-GR,Adora Roubert,United States,Yes,A-D-2.5,Ara,D,22.885,2.05965,6
SBN-16537-046,2/29/2020,60255-12579-PZ,Hillel Mairs,United States,No,A-D-0.2,Ara,D,2.985,0.26865,1
XZD-44484-632,8/6/2021,80541-38332-BP,Helaina Rainforth,United States,No,E-M-1,Exc,M,13.75,1.5125,2
XZD-44484-632,8/6/2021,80541-38332-BP,Helaina Rainforth,United States,No,A-D-0.2,Ara,D,2.985,0.26865,2
IKQ-39946-768,3/19/2021,72778-50968-UQ,Isac Jesper,United States,No,R-M-1,Rob,M,9.95,0.597,6
KMB-95211-174,4/16/2021,23941-30203-MO,Lenette Dwerryhouse,United States,Yes,R-D-2.5,Rob,D,20.585,1.2351,4
QWY-99467-368,11/6/2020,96434-50068-DZ,Nadeen Broomer,United States,No,A-D-2.5,Ara,D,22.885,2.05965,1
SRG-76791-614,3/15/2021,11729-74102-XB,Konstantine Thoumasson,United States,Yes,E-L-0.5,Exc,L,8.91,0.9801,1
VSN-94485-621,10/17/2021,88116-12604-TE,Frans Habbergham,United States,No,A-D-0.2,Ara,D,2.985,0.26865,4
UFZ-24348-219,9/7/2019,27930-59250-JT,Allis Wilmore,United States,No,L-M-2.5,Lib,M,33.465,4.35045,3
UKS-93055-397,7/13/2022,13082-41034-PD,Romain Avrashin,United States,No,A-D-2.5,Ara,D,22.885,2.05965,5
AVH-56062-335,11/21/2021,18082-74419-QH,Miran Doidge,United States,No,E-M-0.5,Exc,M,8.25,0.9075,5
HGE-19842-613,1/13/2022,49401-45041-ZU,Janeva Edinboro,United States,Yes,R-L-0.5,Rob,L,7.17,0.4302,4
WBA-85905-175,7/13/2022,41252-45992-VS,Trumaine Tewelson,United States,No,L-M-0.2,Lib,M,4.365,0.56745,1
DZI-35365-596,11/2/2021,54798-14109-HC,Odelia Skerme,United States,Yes,E-M-0.2,Exc,M,4.125,0.45375,2
XIR-88982-743,7/10/2021,00852-54571-WP,De Drewitt,United States,Yes,E-M-0.2,Exc,M,4.125,0.45375,2
VUC-72395-865,10/7/2021,13321-57602-GK,Adelheid Gladhill,United States,Yes,A-D-0.5,Ara,D,5.97,0.5373,6
BQJ-44755-910,2/28/2020,75006-89922-VW,Murielle Lorinez,United States,No,E-D-2.5,Exc,D,27.945,3.07395,6
JKC-64636-831,7/5/2022,52098-80103-FD,Edin Mathe,United States,Yes,A-M-2.5,Ara,M,25.875,2.32875,2
ZKI-78561-066,9/21/2021,60121-12432-VU,Mordy Van Der Vlies,United States,Yes,A-D-0.2,Ara,D,2.985,0.26865,3
IMP-12563-728,1/3/2019,68346-14810-UA,Spencer Wastell,United States,No,E-L-0.5,Exc,L,8.91,0.9801,6
MZL-81126-390,3/8/2022,48464-99723-HK,Jemimah Ethelston,United States,Yes,A-L-0.2,Ara,L,3.885,0.34965,6
MZL-81126-390,3/8/2022,48464-99723-HK,Jemimah Ethelston,United States,Yes,A-M-0.2,Ara,M,3.375,0.30375,2
TVF-57766-608,3/10/2020,88420-46464-XE,Perice Eberz,United States,Yes,L-D-0.5,Lib,D,7.77,1.0101,1
RUX-37995-892,11/27/2021,37762-09530-MP,Bear Gaish,United States,Yes,L-D-2.5,Lib,D,29.785,3.87205,4
AVK-76526-953,3/4/2021,47268-50127-XY,Lynnea Danton,United States,No,A-D-1,Ara,D,9.95,0.8955,2
RIU-02231-623,11/16/2021,25544-84179-QC,Skipton Morrall,United States,Yes,R-L-0.5,Rob,L,7.17,0.4302,5
WFK-99317-827,6/16/2019,32058-76765-ZL,Devan Crownshaw,United States,No,L-D-2.5,Lib,D,29.785,3.87205,3
SFD-00372-284,7/19/2020,54798-14109-HC,Odelia Skerme,United States,Yes,L-M-0.2,Lib,M,4.365,0.56745,2
SXC-62166-515,2/28/2020,69171-65646-UC,Joceline Reddoch,United States,No,R-L-2.5,Rob,L,27.485,1.6491,5
YIE-87008-621,6/22/2019,22503-52799-MI,Shelley Titley,United States,No,L-M-0.5,Lib,M,8.73,1.1349,4
HRM-94548-288,9/8/2019,08934-65581-ZI,Redd Simao,United States,No,A-L-2.5,Ara,L,29.785,2.68065,6
UJG-34731-295,5/26/2022,15764-22559-ZT,Cece Inker,United States,No,A-M-2.5,Ara,M,25.875,2.32875,1
TWD-70988-853,12/3/2019,87519-68847-ZG,Noel Chisholm,United States,Yes,L-D-1,Lib,D,12.95,1.6835,6
CIX-22904-641,9/17/2019,78012-56878-UB,Grazia Oats,United States,Yes,R-M-1,Rob,M,9.95,0.597,1
DLV-65840-759,5/31/2022,77192-72145-RG,Meade Birkin,United States,Yes,L-M-1,Lib,M,14.55,1.8915,2
RXN-55491-201,10/21/2019,86071-79238-CX,Ronda Pyson,Ireland,No,R-L-0.2,Rob,L,3.585,0.2151,6
UHK-63283-868,4/24/2022,16809-16936-WF,Modesty MacConnechie,United States,Yes,A-M-0.5,Ara,M,6.75,0.6075,1
PJC-31401-893,1/13/2021,11212-69985-ZJ,Rafaela Treacher,Ireland,No,A-D-0.5,Ara,D,5.97,0.5373,3
HHO-79903-185,8/19/2022,53893-01719-CL,Bee Fattorini,Ireland,Yes,A-L-2.5,Ara,L,29.785,2.68065,1
YWM-07310-594,3/2/2019,66028-99867-WJ,Margie Palleske,United States,Yes,E-M-0.5,Exc,M,8.25,0.9075,5
FHD-94983-982,1/21/2020,62839-56723-CH,Alexina Randals,United States,Yes,R-M-0.5,Rob,M,5.97,0.3582,3
WQK-10857-119,9/21/2021,96849-52854-CR,Filip Antcliffe,Ireland,Yes,E-D-0.5,Exc,D,7.29,0.8019,1
DXA-50313-073,8/30/2019,19755-55847-VW,Peyter Matignon,United Kingdom,Yes,E-L-1,Exc,L,14.85,1.6335,2
ONW-00560-570,2/25/2019,32900-82606-BO,Claudie Weond,United States,No,A-M-1,Ara,M,11.25,1.0125,2
BRJ-19414-277,9/17/2019,16809-16936-WF,Modesty MacConnechie,United States,Yes,R-M-0.2,Rob,M,2.985,0.1791,4
MIQ-16322-908,8/3/2019,20118-28138-QD,Jaquenette Skentelbery,United States,No,A-L-1,Ara,L,12.95,1.1655,2
MVO-39328-830,2/26/2021,84057-45461-AH,Orazio Comber,Ireland,No,L-M-0.5,Lib,M,8.73,1.1349,5
MVO-39328-830,2/26/2021,84057-45461-AH,Orazio Comber,Ireland,No,A-L-0.5,Ara,L,7.77,0.6993,6
NTJ-88319-746,8/3/2021,90882-88130-KQ,Zachary Tramel,United States,No,L-L-0.5,Lib,L,9.51,1.2363,3
LCY-24377-948,5/7/2021,21617-79890-DD,Izaak Primak,United States,Yes,R-L-2.5,Rob,L,27.485,1.6491,1
FWD-85967-769,6/14/2019,20256-54689-LO,Brittani Thoresbie,United States,No,E-D-0.2,Exc,D,3.645,0.40095,3
KTO-53793-109,11/21/2019,17572-27091-AA,Constanta Hatfull,United States,No,R-L-0.2,Rob,L,3.585,0.2151,2
OCK-89033-348,3/31/2021,82300-88786-UE,Bobbe Castagneto,United States,Yes,A-L-0.2,Ara,L,3.885,0.34965,6
GPZ-36017-366,7/1/2019,65732-22589-OW,Kippie Marrison,United States,Yes,A-D-2.5,Ara,D,22.885,2.05965,5
BZP-33213-637,5/5/2020,77175-09826-SF,Lindon Agnolo,United States,Yes,A-M-2.5,Ara,M,25.875,2.32875,3
WFH-21507-708,4/20/2020,07237-32539-NB,Delainey Kiddy,United States,Yes,R-D-0.5,Rob,D,5.37,0.3222,1
HST-96923-073,7/18/2019,54722-76431-EX,Helli Petroulis,Ireland,No,R-D-2.5,Rob,D,20.585,1.2351,6
ENN-79947-323,11/18/2021,67847-82662-TE,Marty Scholl,United States,No,L-M-0.5,Lib,M,8.73,1.1349,2
BHA-47429-889,6/20/2020,51114-51191-EW,Kienan Ferson,United States,No,E-L-0.2,Exc,L,4.455,0.49005,3
SZY-63017-318,4/6/2021,91809-58808-TV,Blake Kelloway,United States,Yes,A-L-0.2,Ara,L,3.885,0.34965,2
LCU-93317-340,6/17/2019,84996-26826-DK,Scarlett Oliffe,United States,Yes,R-D-0.2,Rob,D,2.685,0.1611,1
UOM-71431-481,3/26/2022,65732-22589-OW,Kippie Marrison,United States,Yes,R-D-2.5,Rob,D,20.585,1.2351,1
PJH-42618-877,9/30/2021,93676-95250-XJ,Celestia Dolohunty,United States,Yes,A-D-2.5,Ara,D,22.885,2.05965,5
XED-90333-402,6/19/2019,28300-14355-GF,Patsy Vasilenko,United Kingdom,No,E-M-0.2,Exc,M,4.125,0.45375,5
IKK-62234-199,3/31/2022,91190-84826-IQ,Raphaela Schankelborg,United States,Yes,L-L-0.5,Lib,L,9.51,1.2363,6
KAW-95195-329,7/4/2020,34570-99384-AF,Sharity Wickens,Ireland,Yes,R-D-2.5,Rob,D,20.585,1.2351,4
QDO-57268-842,11/21/2021,57808-90533-UE,Derick Snow,United States,No,E-M-2.5,Exc,M,31.625,3.47875,5
IIZ-24416-212,5/31/2021,76060-30540-LB,Baxy Cargen,United States,Yes,R-D-0.5,Rob,D,5.37,0.3222,6
AWP-11469-510,4/11/2020,76730-63769-ND,Ryann Stickler,United Kingdom,No,E-D-1,Exc,D,12.15,1.3365,2
KXA-27983-918,9/15/2020,96042-27290-EQ,Daryn Cassius,United States,No,R-L-0.5,Rob,L,7.17,0.4302,5
VKQ-39009-292,11/23/2021,57808-90533-UE,Derick Snow,United States,No,L-M-1,Lib,M,14.55,1.8915,5
PDB-98743-282,1/23/2022,51940-02669-OR,Skelly Dolohunty,Ireland,No,L-L-1,Lib,L,15.85,2.0605,3
SXW-34014-556,1/27/2021,99144-98314-GN,Drake Jevon,United States,Yes,R-L-0.2,Rob,L,3.585,0.2151,1
QOJ-38788-727,6/24/2019,16358-63919-CE,Hall Ranner,United States,No,E-M-2.5,Exc,M,31.625,3.47875,5
TGF-38649-658,3/15/2020,67743-54817-UT,Berkly Imrie,United States,No,L-M-0.5,Lib,M,8.73,1.1349,2
EAI-25194-209,9/24/2021,44601-51441-BH,Dorey Sopper,United States,No,A-L-2.5,Ara,L,29.785,2.68065,5
IJK-34441-720,4/5/2019,97201-58870-WB,Darcy Lochran,United States,Yes,A-M-0.5,Ara,M,6.75,0.6075,6
ZMC-00336-619,1/27/2022,19849-12926-QF,Lauritz Ledgley,United States,Yes,A-M-0.5,Ara,M,6.75,0.6075,4
UPX-54529-618,9/10/2021,40535-56770-UM,Tawnya Menary,United States,No,L-D-1,Lib,D,12.95,1.6835,3
DLX-01059-899,1/6/2020,74940-09646-MU,Gustaf Ciccotti,United States,No,R-L-1,Rob,L,11.95,0.717,5
MEK-85120-243,3/15/2022,06623-54610-HC,Bobbe Renner,United States,No,R-L-0.2,Rob,L,3.585,0.2151,3
NFI-37188-246,9/8/2021,89490-75361-AF,Wilton Jallin,United States,No,A-D-2.5,Ara,D,22.885,2.05965,4
BXH-62195-013,11/11/2021,94526-79230-GZ,Mindy Bogey,United States,Yes,A-M-1,Ara,M,11.25,1.0125,4
YLK-78851-470,9/18/2019,58559-08254-UY,Paulie Fonzone,United States,Yes,R-M-2.5,Rob,M,22.885,1.3731,6
DXY-76225-633,7/29/2021,88574-37083-WX,Merrile Cobbledick,United States,No,A-M-0.5,Ara,M,6.75,0.6075,1
UHP-24614-199,3/20/2022,67953-79896-AC,Antonius Lewry,United States,No,A-M-1,Ara,M,11.25,1.0125,4
HBY-35655-049,5/4/2020,69207-93422-CQ,Isis Hessel,United States,Yes,E-D-2.5,Exc,D,27.945,3.07395,3
DCE-22886-861,4/5/2021,56060-17602-RG,Harland Trematick,Ireland,Yes,E-D-0.2,Exc,D,3.645,0.40095,1
QTG-93823-843,1/12/2022,46859-14212-FI,Chloris Sorrell,United Kingdom,No,A-M-0.5,Ara,M,6.75,0.6075,1
QTG-93823-843,1/12/2022,46859-14212-FI,Chloris Sorrell,United Kingdom,No,E-D-0.5,Exc,D,7.29,0.8019,3
WFT-16178-396,12/16/2020,33555-01585-RP,Quintina Heavyside,United States,Yes,R-D-0.2,Rob,D,2.685,0.1611,5
ERC-54560-934,5/30/2022,11932-85629-CU,Hadley Reuven,United States,No,R-D-2.5,Rob,D,20.585,1.2351,6
RUK-78200-416,11/9/2021,36192-07175-XC,Mitch Attwool,United States,No,L-D-0.2,Lib,D,3.885,0.50505,2
KHK-13105-388,4/8/2022,46242-54946-ZW,Charin Maplethorp,United States,Yes,A-M-1,Ara,M,11.25,1.0125,6
NJR-03699-189,10/8/2019,95152-82155-VQ,Goldie Wynes,United States,No,E-D-2.5,Exc,D,27.945,3.07395,1
PJV-20427-019,9/12/2021,13404-39127-WQ,Celie MacCourt,United States,No,A-L-2.5,Ara,L,29.785,2.68065,3
UGK-07613-982,7/28/2022,57808-90533-UE,Derick Snow,United States,No,A-M-0.5,Ara,M,6.75,0.6075,3
OLA-68289-577,6/30/2020,40226-52317-IO,Evy Wilsone,United States,Yes,A-M-0.5,Ara,M,6.75,0.6075,5
TNR-84447-052,1/9/2019,34419-18068-AG,Dolores Duffie,United States,No,E-D-2.5,Exc,D,27.945,3.07395,4
FBZ-64200-586,7/12/2022,51738-61457-RS,Mathilda Matiasek,United States,Yes,E-M-2.5,Exc,M,31.625,3.47875,2
OBN-66334-505,11/30/2020,86757-52367-ON,Jarred Camillo,United States,Yes,E-L-0.2,Exc,L,4.455,0.49005,2
NXM-89323-646,3/22/2019,28158-93383-CK,Kameko Philbrick,United States,Yes,E-D-1,Exc,D,12.15,1.3365,1
NHI-23264-055,2/15/2022,44799-09711-XW,Mallory Shrimpling,United States,Yes,A-D-0.5,Ara,D,5.97,0.5373,4
EQH-53569-934,10/13/2020,53667-91553-LT,Barnett Sillis,United States,No,E-M-1,Exc,M,13.75,1.5125,4
XKK-06692-189,12/27/2021,86579-92122-OC,Brenn Dundredge,United States,Yes,R-D-1,Rob,D,8.95,0.537,3
BYP-16005-016,8/1/2021,01474-63436-TP,Read Cutts,United States,No,R-M-2.5,Rob,M,22.885,1.3731,5
LWS-13938-905,11/18/2020,90533-82440-EE,Michale Delves,United States,Yes,A-M-2.5,Ara,M,25.875,2.32875,6
OLH-95722-362,10/24/2021,48553-69225-VX,Devland Gritton,United States,Yes,L-D-0.5,Lib,D,7.77,1.0101,3
OLH-95722-362,10/24/2021,48553-69225-VX,Devland Gritton,United States,Yes,R-M-2.5,Rob,M,22.885,1.3731,4
KCW-50949-318,12/30/2019,52374-27313-IV,Dell Gut,United States,Yes,E-L-1,Exc,L,14.85,1.6335,5
JGZ-16947-591,2/2/2021,14264-41252-SL,Willy Pummery,United States,No,L-L-0.2,Lib,L,4.755,0.61815,6
LXS-63326-144,5/16/2021,35367-50483-AR,Geoffrey Siuda,United States,Yes,R-L-0.5,Rob,L,7.17,0.4302,2
CZG-86544-655,4/23/2022,69443-77665-QW,Henderson Crowne,Ireland,Yes,A-L-0.5,Ara,L,7.77,0.6993,2
WFV-88138-247,9/25/2021,63411-51758-QC,Vernor Pawsey,United States,No,R-L-1,Rob,L,11.95,0.717,3
RFG-28227-288,6/7/2022,68605-21835-UF,Augustin Waterhouse,United States,No,A-L-0.5,Ara,L,7.77,0.6993,6
QAK-77286-758,8/11/2020,34786-30419-XY,Fanchon Haughian,United States,No,R-L-0.5,Rob,L,7.17,0.4302,5
CZD-56716-840,2/28/2019,15456-29250-RU,Jaimie Hatz,United States,No,L-D-2.5,Lib,D,29.785,3.87205,4
UBI-59229-277,9/11/2019,00886-35803-FG,Edeline Edney,United States,No,L-D-0.5,Lib,D,7.77,1.0101,3
WJJ-37489-898,4/8/2021,31599-82152-AD,Rickie Faltin,Ireland,No,A-M-1,Ara,M,11.25,1.0125,1
ORX-57454-917,9/6/2021,76209-39601-ZR,Gnni Cheeke,United Kingdom,Yes,E-D-2.5,Exc,D,27.945,3.07395,3
GRB-68838-629,9/10/2021,15064-65241-HB,Gwenni Ratt,Ireland,No,R-L-2.5,Rob,L,27.485,1.6491,4
SHT-04865-419,5/22/2022,69215-90789-DL,Johnath Fairebrother,United States,Yes,R-L-0.2,Rob,L,3.585,0.2151,4
UQI-28177-865,9/18/2020,04317-46176-TB,Ingamar Eberlein,United States,No,R-L-0.2,Rob,L,3.585,0.2151,6
OIB-13664-879,8/31/2021,04713-57765-KR,Jilly Dreng,Ireland,Yes,A-M-1,Ara,M,11.25,1.0125,2
PJS-30996-485,1/21/2022,86579-92122-OC,Brenn Dundredge,United States,Yes,A-L-0.2,Ara,L,3.885,0.34965,1
HEL-86709-449,6/10/2022,86579-92122-OC,Brenn Dundredge,United States,Yes,E-D-2.5,Exc,D,27.945,3.07395,1
NCH-55389-562,4/27/2019,86579-92122-OC,Brenn Dundredge,United States,Yes,E-L-2.5,Exc,L,34.155,3.75705,5
NCH-55389-562,4/27/2019,86579-92122-OC,Brenn Dundredge,United States,Yes,R-L-2.5,Rob,L,27.485,1.6491,2
NCH-55389-562,4/27/2019,86579-92122-OC,Brenn Dundredge,United States,Yes,E-L-1,Exc,L,14.85,1.6335,1
NCH-55389-562,4/27/2019,86579-92122-OC,Brenn Dundredge,United States,Yes,A-L-0.2,Ara,L,3.885,0.34965,2
GUG-45603-775,2/6/2022,40959-32642-DN,Rhodie Strathern,United States,Yes,L-L-0.2,Lib,L,4.755,0.61815,5
KJB-98240-098,1/30/2022,77746-08153-PM,Chad Miguel,United States,Yes,L-L-1,Lib,L,15.85,2.0605,5
JMS-48374-462,11/23/2020,49667-96708-JL,Florinda Matusovsky,United States,Yes,A-D-2.5,Ara,D,22.885,2.05965,2
YIT-15877-117,4/13/2022,24155-79322-EQ,Morly Rocks,Ireland,Yes,R-D-1,Rob,D,8.95,0.537,1
YVK-82679-655,1/7/2021,95342-88311-SF,Yuri Burrells,United States,Yes,R-M-0.5,Rob,M,5.97,0.3582,4
TYH-81940-054,2/4/2020,69374-08133-RI,Cleopatra Goodrum,United States,No,E-L-0.2,Exc,L,4.455,0.49005,5
HTY-30660-254,9/16/2019,83844-95908-RX,Joey Jefferys,United States,Yes,R-M-1,Rob,M,9.95,0.597,3
GPW-43956-761,1/26/2019,09667-09231-YM,Bearnard Wardell,United States,Yes,E-L-0.5,Exc,L,8.91,0.9801,6
DWY-56352-412,2/19/2021,55427-08059-DF,Zeke Walisiak,Ireland,Yes,R-D-0.2,Rob,D,2.685,0.1611,1
PUH-55647-976,3/22/2022,06624-54037-BQ,Wiley Leopold,United States,No,R-M-0.2,Rob,M,2.985,0.1791,2
DTB-71371-705,7/3/2019,48544-90737-AZ,Chiarra Shalders,United States,Yes,L-D-1,Lib,D,12.95,1.6835,1
ZDC-64769-740,9/21/2019,79463-01597-FQ,Sharl Southerill,United States,No,E-M-0.5,Exc,M,8.25,0.9075,1
TED-81959-419,8/26/2019,27702-50024-XC,Noni Furber,United States,No,A-L-2.5,Ara,L,29.785,2.68065,5
FDO-25756-141,8/3/2021,57360-46846-NS,Dinah Crutcher,Ireland,Yes,A-L-2.5,Ara,L,29.785,2.68065,3
HKN-31467-517,10/24/2021,84045-66771-SL,Charlean Keave,United States,No,L-M-1,Lib,M,14.55,1.8915,6
POF-29666-012,4/1/2019,46885-00260-TL,Sada Roseborough,United States,Yes,R-D-0.5,Rob,D,5.37,0.3222,1
IRX-59256-644,12/8/2021,96446-62142-EN,Clayton Kingwell,Ireland,Yes,A-D-0.2,Ara,D,2.985,0.26865,3
LTN-89139-350,6/27/2019,07756-71018-GU,Kacy Canto,United States,Yes,R-L-2.5,Rob,L,27.485,1.6491,5
TXF-79780-017,7/14/2020,92048-47813-QB,Mab Blakemore,United States,No,R-L-1,Rob,L,11.95,0.717,5
ALM-80762-974,3/23/2020,84045-66771-SL,Charlean Keave,United States,No,A-L-0.5,Ara,L,7.77,0.6993,3
NXF-15738-707,1/26/2020,28699-16256-XV,Javier Causnett,United States,No,R-D-0.5,Rob,D,5.37,0.3222,2
MVV-19034-198,5/31/2020,98476-63654-CG,Demetris Micheli,United States,Yes,E-D-2.5,Exc,D,27.945,3.07395,6
KUX-19632-830,7/20/2021,55409-07759-YG,Chloette Bernardot,United States,Yes,E-D-0.2,Exc,D,3.645,0.40095,6
SNZ-44595-152,8/12/2022,06136-65250-PG,Kim Kemery,United States,Yes,R-L-1,Rob,L,11.95,0.717,2
GQA-37241-629,1/1/2020,08405-33165-BS,Fanchette Parlot,United States,Yes,A-M-0.2,Ara,M,3.375,0.30375,2
WVV-79948-067,1/18/2021,66070-30559-WI,Ramon Cheak,Ireland,Yes,E-M-2.5,Exc,M,31.625,3.47875,1
LHX-81117-166,12/31/2021,01282-28364-RZ,Koressa O'Geneay,United States,No,R-L-1,Rob,L,11.95,0.717,4
GCD-75444-320,5/4/2020,51277-93873-RP,Claudell Ayre,United States,No,L-M-2.5,Lib,M,33.465,4.35045,1
SGA-30059-217,2/20/2021,84405-83364-DG,Lorianne Kyneton,United Kingdom,Yes,A-D-0.5,Ara,D,5.97,0.5373,5
GNL-98714-885,3/7/2020,83731-53280-YC,Adele McFayden,United Kingdom,Yes,R-M-1,Rob,M,9.95,0.597,3
OQA-93249-841,4/5/2019,03917-13632-KC,Herta Layne,United States,Yes,A-M-2.5,Ara,M,25.875,2.32875,6
DUV-12075-132,6/6/2022,62494-09113-RP,Marguerite Graves,United States,No,E-D-0.2,Exc,D,3.645,0.40095,5
DUV-12075-132,6/6/2022,62494-09113-RP,Marguerite Graves,United States,No,L-D-0.5,Lib,D,7.77,1.0101,2
KPO-24942-184,3/21/2021,70567-65133-CN,Desdemona Eye,Ireland,No,L-L-2.5,Lib,L,36.455,4.73915,3
SRJ-79353-838,12/19/2021,77869-81373-AY,Margarette Sterland,United States,No,A-L-1,Ara,L,12.95,1.1655,6
XBV-40336-071,2/17/2021,38536-98293-JZ,Catharine Scoines,Ireland,No,A-D-0.2,Ara,D,2.985,0.26865,3
RLM-96511-467,1/6/2020,43014-53743-XK,Jennica Tewelson,United States,No,R-L-2.5,Rob,L,27.485,1.6491,1
AEZ-13242-456,5/4/2022,62494-09113-RP,Marguerite Graves,United States,No,R-M-0.5,Rob,M,5.97,0.3582,5
UME-75640-698,10/11/2019,62494-09113-RP,Marguerite Graves,United States,No,A-M-0.5,Ara,M,6.75,0.6075,4
GJC-66474-557,8/3/2021,64965-78386-MY,Nicolina Jenny,United States,No,A-D-1,Ara,D,9.95,0.8955,1
IRV-20769-219,10/15/2020,77131-58092-GE,Vidovic Antonelli,United Kingdom,Yes,E-M-0.2,Exc,M,4.125,0.45375,3
